UF,CIDADE,DIST,SUPER,REGIONAL,SECCIONAL,MUNICIPIO_N_UF,COD_IBGE,MUNICIPIO_UF
AL,ANADIA,EQTL_AL,LESTE,LESTE,METROPOLITANA,ANADIA,2700201,Anadia - AL
AL,ATALAIA,EQTL_AL,LESTE,LESTE,METROPOLITANA,ATALAIA,2700409,Atalaia - AL
AL,BARRA DE SANTO ANTONIO,EQTL_AL,LESTE,LESTE,METROPOLITANA,BARRA DE SANTO ANTONIO,2700508,Barra de Santo Antônio - AL
AL,BARRA DE SAO MIGUEL,EQTL_AL,LESTE,LESTE,METROPOLITANA,BARRA DE SAO MIGUEL,2700607,Barra de São Miguel - AL
AL,BOCA DA MATA,EQTL_AL,LESTE,LESTE,METROPOLITANA,BOCA DA MATA,2701001,Boca da Mata - AL
AL,CAJUEIRO,EQTL_AL,LESTE,LESTE,METROPOLITANA,CAJUEIRO,2701308,Cajueiro - AL
AL,CAPELA,EQTL_AL,LESTE,LESTE,METROPOLITANA,CAPELA,2701704,Capela - AL
AL,CHA PRETA,EQTL_AL,LESTE,LESTE,METROPOLITANA,CHA PRETA,2701902,Chã Preta - AL
AL,COQUEIRO SECO,EQTL_AL,LESTE,LESTE,METROPOLITANA,COQUEIRO SECO,2702207,Coqueiro Seco - AL
AL,MACEIO,EQTL_AL,LESTE,LESTE,METROPOLITANA,MACEIO,2704302,Maceió - AL
AL,MAR VERMELHO,EQTL_AL,LESTE,LESTE,METROPOLITANA,MAR VERMELHO,2704906,Mar Vermelho - AL
AL,MARECHAL DEODORO,EQTL_AL,LESTE,LESTE,METROPOLITANA,MARECHAL DEODORO,2704708,Marechal Deodoro - AL
AL,MARIBONDO,EQTL_AL,LESTE,LESTE,METROPOLITANA,MARIBONDO,2704807,Maribondo - AL
AL,MESSIAS,EQTL_AL,LESTE,LESTE,METROPOLITANA,MESSIAS,2705200,Messias - AL
AL,PARIPUEIRA,EQTL_AL,LESTE,LESTE,METROPOLITANA,PARIPUEIRA,2706448,Paripueira - AL
AL,PILAR,EQTL_AL,LESTE,LESTE,METROPOLITANA,PILAR,2706901,Pilar - AL
AL,PINDOBA,EQTL_AL,LESTE,LESTE,METROPOLITANA,PINDOBA,2707008,Pindoba - AL
AL,RIO LARGO,EQTL_AL,LESTE,LESTE,METROPOLITANA,RIO LARGO,2707701,Rio Largo - AL
AL,ROTEIRO,EQTL_AL,LESTE,LESTE,METROPOLITANA,ROTEIRO,2707800,Roteiro - AL
AL,SANTA LUZIA DO NORTE,EQTL_AL,LESTE,LESTE,METROPOLITANA,SANTA LUZIA DO NORTE,2707909,Santa Luzia do Norte - AL
AL,SAO MIGUEL DOS CAMPOS,EQTL_AL,LESTE,LESTE,METROPOLITANA,SAO MIGUEL DOS CAMPOS,2708600,São Miguel dos Campos - AL
AL,SATUBA,EQTL_AL,LESTE,LESTE,METROPOLITANA,SATUBA,2708907,Satuba - AL
AL,VICOSA,EQTL_AL,LESTE,LESTE,METROPOLITANA,VICOSA,2709400,Viçosa - AL
AL,BRANQUINHA,EQTL_AL,LESTE,LESTE,NORTE,BRANQUINHA,2701100,Branquinha - AL
AL,CAMPESTRE,EQTL_AL,LESTE,LESTE,NORTE,CAMPESTRE,2701357,Campestre - AL
AL,COLONIA LEOPOLDINA,EQTL_AL,LESTE,LESTE,NORTE,COLONIA LEOPOLDINA,2702108,Colônia Leopoldina - AL
AL,FLEXEIRAS,EQTL_AL,LESTE,LESTE,NORTE,FLEXEIRAS,2702801,Flexeiras - AL
AL,IBATEGUARA,EQTL_AL,LESTE,LESTE,NORTE,IBATEGUARA,2703007,Ibateguara - AL
AL,JACUIPE,EQTL_AL,LESTE,LESTE,NORTE,JACUIPE,2703502,Jacuípe - AL
AL,JAPARATINGA,EQTL_AL,LESTE,LESTE,NORTE,JAPARATINGA,2703601,Japaratinga - AL
AL,JOAQUIM GOMES,EQTL_AL,LESTE,LESTE,NORTE,JOAQUIM GOMES,2703809,Joaquim Gomes - AL
AL,JUNDIA,EQTL_AL,LESTE,LESTE,NORTE,JUNDIA,2703908,Jundiá - AL
AL,MARAGOGI,EQTL_AL,LESTE,LESTE,NORTE,MARAGOGI,2704500,Maragogi - AL
AL,MATRIZ DE CAMARAGIBE,EQTL_AL,LESTE,LESTE,NORTE,MATRIZ DE CAMARAGIBE,2705101,Matriz de Camaragibe - AL
AL,MURICI,EQTL_AL,LESTE,LESTE,NORTE,MURICI,2705507,Murici - AL
AL,NOVO LINO,EQTL_AL,LESTE,LESTE,NORTE,NOVO LINO,2705606,Novo Lino - AL
AL,PASSO DE CAMARAGIBE,EQTL_AL,LESTE,LESTE,NORTE,PASSO DE CAMARAGIBE,2706505,Passo de Camaragibe - AL
AL,PORTO CALVO,EQTL_AL,LESTE,LESTE,NORTE,PORTO CALVO,2707305,Porto Calvo - AL
AL,PORTO DE PEDRAS,EQTL_AL,LESTE,LESTE,NORTE,PORTO DE PEDRAS,2707404,Porto de Pedras - AL
AL,SANTANA DO MUNDAU,EQTL_AL,LESTE,LESTE,NORTE,SANTANA DO MUNDAU,2708105,Santana do Mundaú - AL
AL,SAO JOSE DA LAJE,EQTL_AL,LESTE,LESTE,NORTE,SAO JOSE DA LAJE,2708303,São José da Laje - AL
AL,SAO LUIS DO QUITUNDE,EQTL_AL,LESTE,LESTE,NORTE,SAO LUIS DO QUITUNDE,2708501,São Luís do Quitunde - AL
AL,SAO MIGUEL DOS MILAGRES,EQTL_AL,LESTE,LESTE,NORTE,SAO MIGUEL DOS MILAGRES,2708709,São Miguel dos Milagres - AL
AL,UNIAO DOS PALMARES,EQTL_AL,LESTE,LESTE,NORTE,UNIAO DOS PALMARES,2709301,União dos Palmares - AL
AL,ARAPIRACA,EQTL_AL,OESTE,OESTE,CENTRO,ARAPIRACA,2700300,Arapiraca - AL
AL,BELEM,EQTL_AL,OESTE,OESTE,CENTRO,BELEM,2700805,Belém - AL
AL,CAMPO ALEGRE,EQTL_AL,OESTE,OESTE,CENTRO,CAMPO ALEGRE,2701407,Campo Alegre - AL
AL,CAMPO GRANDE,EQTL_AL,OESTE,OESTE,CENTRO,CAMPO GRANDE,2701506,Campo Grande - AL
AL,COITE DO NOIA,EQTL_AL,OESTE,OESTE,CENTRO,COITE DO NOIA,2702009,Coité do Nóia - AL
AL,CORURIPE,EQTL_AL,OESTE,OESTE,CENTRO,CORURIPE,2702306,Coruripe - AL
AL,CRAIBAS,EQTL_AL,OESTE,OESTE,CENTRO,CRAIBAS,2702355,Craíbas - AL
AL,ESTRELA DE ALAGOAS,EQTL_AL,OESTE,OESTE,CENTRO,ESTRELA DE ALAGOAS,2702553,Estrela de Alagoas - AL
AL,FEIRA GRANDE,EQTL_AL,OESTE,OESTE,CENTRO,FEIRA GRANDE,2702603,Feira Grande - AL
AL,FELIZ DESERTO,EQTL_AL,OESTE,OESTE,CENTRO,FELIZ DESERTO,2702702,Feliz Deserto - AL
AL,GIRAU DO PONCIANO,EQTL_AL,OESTE,OESTE,CENTRO,GIRAU DO PONCIANO,2702900,Girau do Ponciano - AL
AL,IGACI,EQTL_AL,OESTE,OESTE,CENTRO,IGACI,2703106,Igaci - AL
AL,IGREJA NOVA,EQTL_AL,OESTE,OESTE,CENTRO,IGREJA NOVA,2703205,Igreja Nova - AL
AL,JEQUIA DA PRAIA,EQTL_AL,OESTE,OESTE,CENTRO,JEQUIA DA PRAIA,2703759,Jequiá da Praia - AL
AL,JUNQUEIRO,EQTL_AL,OESTE,OESTE,CENTRO,JUNQUEIRO,2704005,Junqueiro - AL
AL,LAGOA DA CANOA,EQTL_AL,OESTE,OESTE,CENTRO,LAGOA DA CANOA,2704104,Lagoa da Canoa - AL
AL,LIMOEIRO DE ANADIA,EQTL_AL,OESTE,OESTE,CENTRO,LIMOEIRO DE ANADIA,2704203,Limoeiro de Anadia - AL
AL,MINADOR DO NEGRAO,EQTL_AL,OESTE,OESTE,CENTRO,MINADOR DO NEGRAO,2705309,Minador do Negrão - AL
AL,OLHO D'AGUA GRANDE,EQTL_AL,OESTE,OESTE,CENTRO,OLHO D'AGUA GRANDE,2705903,Olho d'Água Grande - AL
AL,PALMEIRA DOS INDIOS,EQTL_AL,OESTE,OESTE,CENTRO,PALMEIRA DOS INDIOS,2706307,Palmeira dos Índios - AL
AL,PAULO JACINTO,EQTL_AL,OESTE,OESTE,CENTRO,PAULO JACINTO,2706604,Paulo Jacinto - AL
AL,PENEDO,EQTL_AL,OESTE,OESTE,CENTRO,PENEDO,2706703,Penedo - AL
AL,PIACABUCU,EQTL_AL,OESTE,OESTE,CENTRO,PIACABUCU,2706802,Piaçabuçu - AL
AL,PORTO REAL DO COLEGIO,EQTL_AL,OESTE,OESTE,CENTRO,PORTO REAL DO COLEGIO,2707503,Porto Real do Colégio - AL
AL,QUEBRANGULO,EQTL_AL,OESTE,OESTE,CENTRO,QUEBRANGULO,2707602,Quebrangulo - AL
AL,SAO BRAS,EQTL_AL,OESTE,OESTE,CENTRO,SAO BRAS,2708204,São Brás - AL
AL,SAO SEBASTIAO,EQTL_AL,OESTE,OESTE,CENTRO,SAO SEBASTIAO,2708808,São Sebastião - AL
AL,TANQUE D'ARCA,EQTL_AL,OESTE,OESTE,CENTRO,TANQUE D'ARCA,2709004,Tanque d'Arca - AL
AL,TAQUARANA,EQTL_AL,OESTE,OESTE,CENTRO,TAQUARANA,2709103,Taquarana - AL
AL,TEOTONIO VILELA,EQTL_AL,OESTE,OESTE,CENTRO,TEOTONIO VILELA,2709152,Teotônio Vilela - AL
AL,TRAIPU,EQTL_AL,OESTE,OESTE,CENTRO,TRAIPU,2709202,Traipu - AL
AL,AGUA BRANCA,EQTL_AL,OESTE,OESTE,SERTAO,AGUA BRANCA,2700102,Água Branca - AL
AL,BATALHA,EQTL_AL,OESTE,OESTE,SERTAO,BATALHA,2700706,Batalha - AL
AL,BELO MONTE,EQTL_AL,OESTE,OESTE,SERTAO,BELO MONTE,2700904,Belo Monte - AL
AL,CACIMBINHAS,EQTL_AL,OESTE,OESTE,SERTAO,CACIMBINHAS,2701209,Cacimbinhas - AL
AL,CANAPI,EQTL_AL,OESTE,OESTE,SERTAO,CANAPI,2701605,Canapi - AL
AL,CARNEIROS,EQTL_AL,OESTE,OESTE,SERTAO,CARNEIROS,2701803,Carneiros - AL
AL,DELMIRO GOUVEIA,EQTL_AL,OESTE,OESTE,SERTAO,DELMIRO GOUVEIA,2702405,Delmiro Gouveia - AL
AL,DOIS RIACHOS,EQTL_AL,OESTE,OESTE,SERTAO,DOIS RIACHOS,2702504,Dois Riachos - AL
AL,INHAPI,EQTL_AL,OESTE,OESTE,SERTAO,INHAPI,2703304,Inhapi - AL
AL,JACARE DOS HOMENS,EQTL_AL,OESTE,OESTE,SERTAO,JACARE DOS HOMENS,2703403,Jacaré dos Homens - AL
AL,JARAMATAIA,EQTL_AL,OESTE,OESTE,SERTAO,JARAMATAIA,2703700,Jaramataia - AL
AL,MAJOR ISIDORO,EQTL_AL,OESTE,OESTE,SERTAO,MAJOR ISIDORO,2704401,Major Isidoro - AL
AL,MARAVILHA,EQTL_AL,OESTE,OESTE,SERTAO,MARAVILHA,2704609,Maravilha - AL
AL,MATA GRANDE,EQTL_AL,OESTE,OESTE,SERTAO,MATA GRANDE,2705002,Mata Grande - AL
AL,MONTEIROPOLIS,EQTL_AL,OESTE,OESTE,SERTAO,MONTEIROPOLIS,2705408,Monteirópolis - AL
AL,OLHO D'AGUA DAS FLORES,EQTL_AL,OESTE,OESTE,SERTAO,OLHO D'AGUA DAS FLORES,2705705,Olho d'Água das Flores - AL
AL,OLHO D'AGUA DO CASADO,EQTL_AL,OESTE,OESTE,SERTAO,OLHO D'AGUA DO CASADO,2705804,Olho d'Água do Casado - AL
AL,OLIVENCA,EQTL_AL,OESTE,OESTE,SERTAO,OLIVENCA,2706000,Olivença - AL
AL,OURO BRANCO,EQTL_AL,OESTE,OESTE,SERTAO,OURO BRANCO,2706109,Ouro Branco - AL
AL,PALESTINA,EQTL_AL,OESTE,OESTE,SERTAO,PALESTINA,2706208,Palestina - AL
AL,PAO DE ACUCAR,EQTL_AL,OESTE,OESTE,SERTAO,PAO DE ACUCAR,2706406,Pão de Açúcar - AL
AL,PARICONHA,EQTL_AL,OESTE,OESTE,SERTAO,PARICONHA,2706422,Pariconha - AL
AL,PIRANHAS,EQTL_AL,OESTE,OESTE,SERTAO,PIRANHAS,2707107,Piranhas - AL
AL,POCO DAS TRINCHEIRAS,EQTL_AL,OESTE,OESTE,SERTAO,POCO DAS TRINCHEIRAS,2707206,Poço das Trincheiras - AL
AL,SANTANA DO IPANEMA,EQTL_AL,OESTE,OESTE,SERTAO,SANTANA DO IPANEMA,2708006,Santana do Ipanema - AL
AL,SAO JOSE DA TAPERA,EQTL_AL,OESTE,OESTE,SERTAO,SAO JOSE DA TAPERA,2708402,São José da Tapera - AL
AL,SENADOR RUI PALMEIRA,EQTL_AL,OESTE,OESTE,SERTAO,SENADOR RUI PALMEIRA,2708956,Senador Rui Palmeira - AL
AP,LARANJAL DO JARI,EQTL_AP,AMAPA,AMAPÁ,JARI,LARANJAL DO JARI,1600279,Laranjal do Jari - AP
AP,VITORIA DO JARI,EQTL_AP,AMAPA,AMAPÁ,JARI,VITORIA DO JARI,1600808,Vitória do Jari - AP
AP,CUTIAS,EQTL_AP,AMAPA,AMAPÁ,METROPOLITANA,CUTIAS,1600212,Cutias - AP
AP,ITAUBAL,EQTL_AP,AMAPA,AMAPÁ,METROPOLITANA,ITAUBAL,1600253,Itaubal - AP
AP,MACAPA,EQTL_AP,AMAPA,AMAPÁ,METROPOLITANA,MACAPA,1600303,Macapá - AP
AP,MAZAGAO,EQTL_AP,AMAPA,AMAPÁ,METROPOLITANA,MAZAGAO,1600402,Mazagão - AP
AP,SANTANA,EQTL_AP,AMAPA,AMAPÁ,METROPOLITANA,SANTANA,1600600,Santana - AP
AP,OIAPOQUE,EQTL_AP,AMAPA,AMAPÁ,OIAPOQUE,OIAPOQUE,1600501,Oiapoque - AP
AP,FERREIRA GOMES,EQTL_AP,AMAPA,AMAPÁ,PORTO GRANDE,FERREIRA GOMES,1600238,Ferreira Gomes - AP
AP,PEDRA BRANCA DO AMAPARI,EQTL_AP,AMAPA,AMAPÁ,PORTO GRANDE,PEDRA BRANCA DO AMAPARI,1600154,Pedra Branca do Amapari - AP
AP,PORTO GRANDE,EQTL_AP,AMAPA,AMAPÁ,PORTO GRANDE,PORTO GRANDE,1600535,Porto Grande - AP
AP,SERRA DO NAVIO,EQTL_AP,AMAPA,AMAPÁ,PORTO GRANDE,SERRA DO NAVIO,1600055,Serra do Navio - AP
AP,AMAPA,EQTL_AP,AMAPA,AMAPÁ,TARTARUGALZINHO,AMAPA,1600105,Amapá - AP
AP,CALCOENE,EQTL_AP,AMAPA,AMAPÁ,TARTARUGALZINHO,CALCOENE,1600204,Calçoene - AP
AP,PRACUUBA,EQTL_AP,AMAPA,AMAPÁ,TARTARUGALZINHO,PRACUUBA,1600550,Pracuúba - AP
AP,TARTARUGALZINHO,EQTL_AP,AMAPA,AMAPÁ,TARTARUGALZINHO,TARTARUGALZINHO,1600709,Tartarugalzinho - AP
GO,GOIANIA,EQTL_GO,CENTRO,GOIANIA,GOIÂNIA,GOIANIA,5208707,Goiânia - GO
GO,APARECIDA DE GOIANIA,EQTL_GO,CENTRO,METROPOLITANA,APARECIDA,APARECIDA DE GOIANIA,5201405,Aparecida de Goiânia - GO
GO,BELA VISTA DE GOIAS,EQTL_GO,CENTRO,METROPOLITANA,APARECIDA,BELA VISTA DE GOIAS,5203302,Bela Vista de Goiás - GO
GO,BONFINOPOLIS,EQTL_GO,CENTRO,METROPOLITANA,APARECIDA,BONFINOPOLIS,5203559,Bonfinópolis - GO
GO,CALDAZINHA,EQTL_GO,CENTRO,METROPOLITANA,APARECIDA,CALDAZINHA,5204557,Caldazinha - GO
GO,GAMELEIRA DE GOIAS,EQTL_GO,CENTRO,METROPOLITANA,APARECIDA,GAMELEIRA DE GOIAS,5208152,Gameleira de Goiás - GO
GO,HIDROLANDIA,EQTL_GO,CENTRO,METROPOLITANA,APARECIDA,HIDROLANDIA,5209705,Hidrolândia - GO
GO,LEOPOLDO DE BULHOES,EQTL_GO,CENTRO,METROPOLITANA,APARECIDA,LEOPOLDO DE BULHOES,5212303,Leopoldo de Bulhões - GO
GO,SAO MIGUEL DO PASSA QUATRO,EQTL_GO,CENTRO,METROPOLITANA,APARECIDA,SAO MIGUEL DO PASSA QUATRO,5220264,São Miguel do Passa Quatro - GO
GO,SENADOR CANEDO,EQTL_GO,CENTRO,METROPOLITANA,APARECIDA,SENADOR CANEDO,5220454,Senador Canedo - GO
GO,SILVANIA,EQTL_GO,CENTRO,METROPOLITANA,APARECIDA,SILVANIA,5220603,Silvânia - GO
GO,VIANOPOLIS,EQTL_GO,CENTRO,METROPOLITANA,APARECIDA,VIANOPOLIS,5222005,Vianópolis - GO
GO,ARACU,EQTL_GO,CENTRO,METROPOLITANA,INHUMAS,ARACU,5201603,Araçu - GO
GO,BRAZABRANTES,EQTL_GO,CENTRO,METROPOLITANA,INHUMAS,BRAZABRANTES,5203609,Brazabrantes - GO
GO,CATURAI,EQTL_GO,CENTRO,METROPOLITANA,INHUMAS,CATURAI,5205208,Caturaí - GO
GO,DAMOLANDIA,EQTL_GO,CENTRO,METROPOLITANA,INHUMAS,DAMOLANDIA,5206800,Damolândia - GO
GO,INHUMAS,EQTL_GO,CENTRO,METROPOLITANA,INHUMAS,INHUMAS,5210000,Inhumas - GO
GO,ITAUCU,EQTL_GO,CENTRO,METROPOLITANA,INHUMAS,ITAUCU,5211404,Itauçu - GO
GO,NEROPOLIS,EQTL_GO,CENTRO,METROPOLITANA,INHUMAS,NEROPOLIS,5214507,Nerópolis - GO
GO,NOVA VENEZA,EQTL_GO,CENTRO,METROPOLITANA,INHUMAS,NOVA VENEZA,5215009,Nova Veneza - GO
GO,SANTO ANTONIO DE GOIAS,EQTL_GO,CENTRO,METROPOLITANA,INHUMAS,SANTO ANTONIO DE GOIAS,5219738,Santo Antônio de Goiás - GO
GO,ABADIA DE GOIAS,EQTL_GO,CENTRO,METROPOLITANA,TRINDADE,ABADIA DE GOIAS,5200050,Abadia de Goiás - GO
GO,ARAGOIANIA,EQTL_GO,CENTRO,METROPOLITANA,TRINDADE,ARAGOIANIA,5201801,Aragoiânia - GO
GO,CAMPESTRE DE GOIAS,EQTL_GO,CENTRO,METROPOLITANA,TRINDADE,CAMPESTRE DE GOIAS,5204607,Campestre de Goiás - GO
GO,GOIANIRA,EQTL_GO,CENTRO,METROPOLITANA,TRINDADE,GOIANIRA,5208806,Goianira - GO
GO,GUAPO,EQTL_GO,CENTRO,METROPOLITANA,TRINDADE,GUAPO,5209200,Guapó - GO
GO,SANTA BARBARA DE GOIAS,EQTL_GO,CENTRO,METROPOLITANA,TRINDADE,SANTA BARBARA DE GOIAS,5219100,Santa Bárbara de Goiás - GO
GO,TRINDADE,EQTL_GO,CENTRO,METROPOLITANA,TRINDADE,TRINDADE,5221403,Trindade - GO
GO,VARJAO,EQTL_GO,CENTRO,METROPOLITANA,TRINDADE,VARJAO,5221908,Varjão - GO
GO,ALTO PARAISO DE GOIAS,EQTL_GO,NORDESTE,FORMOSA,CAMPOS BELOS,ALTO PARAISO DE GOIAS,5200605,Alto Paraíso de Goiás - GO
GO,ALVORADA DO NORTE,EQTL_GO,NORDESTE,FORMOSA,CAMPOS BELOS,ALVORADA DO NORTE,5200803,Alvorada do Norte - GO
GO,BURITINOPOLIS,EQTL_GO,NORDESTE,FORMOSA,CAMPOS BELOS,BURITINOPOLIS,5203962,Buritinópolis - GO
GO,CAMPOS BELOS,EQTL_GO,NORDESTE,FORMOSA,CAMPOS BELOS,CAMPOS BELOS,5204904,Campos Belos - GO
GO,CAVALCANTE,EQTL_GO,NORDESTE,FORMOSA,CAMPOS BELOS,CAVALCANTE,5205307,Cavalcante - GO
GO,DAMIANOPOLIS,EQTL_GO,NORDESTE,FORMOSA,CAMPOS BELOS,DAMIANOPOLIS,5206701,Damianópolis - GO
GO,DIVINOPOLIS DE GOIAS,EQTL_GO,NORDESTE,FORMOSA,CAMPOS BELOS,DIVINOPOLIS DE GOIAS,5208301,Divinópolis de Goiás - GO
GO,GUARANI DE GOIAS,EQTL_GO,NORDESTE,FORMOSA,CAMPOS BELOS,GUARANI DE GOIAS,5209408,Guarani de Goiás - GO
GO,IACIARA,EQTL_GO,NORDESTE,FORMOSA,CAMPOS BELOS,IACIARA,5209903,Iaciara - GO
GO,MAMBAI,EQTL_GO,NORDESTE,FORMOSA,CAMPOS BELOS,MAMBAI,5212709,Mambaí - GO
GO,MONTE ALEGRE DE GOIAS,EQTL_GO,NORDESTE,FORMOSA,CAMPOS BELOS,MONTE ALEGRE DE GOIAS,5213509,Monte Alegre de Goiás - GO
GO,NOVA ROMA,EQTL_GO,NORDESTE,FORMOSA,CAMPOS BELOS,NOVA ROMA,5214903,Nova Roma - GO
GO,POSSE,EQTL_GO,NORDESTE,FORMOSA,CAMPOS BELOS,POSSE,5218300,Posse - GO
GO,SAO DOMINGOS,EQTL_GO,NORDESTE,FORMOSA,CAMPOS BELOS,SAO DOMINGOS,5219803,São Domingos - GO
GO,SIMOLANDIA,EQTL_GO,NORDESTE,FORMOSA,CAMPOS BELOS,SIMOLANDIA,5220686,Simolândia - GO
GO,SITIO D'ABADIA,EQTL_GO,NORDESTE,FORMOSA,CAMPOS BELOS,SITIO D'ABADIA,5220702,Sítio d'Abadia - GO
GO,TERESINA DE GOIAS,EQTL_GO,NORDESTE,FORMOSA,CAMPOS BELOS,TERESINA DE GOIAS,5221080,Teresina de Goiás - GO
GO,AGUA FRIA DE GOIAS,EQTL_GO,NORDESTE,FORMOSA,FORMOSA,AGUA FRIA DE GOIAS,5200175,Água Fria de Goiás - GO
GO,PLANALTINA,EQTL_GO,NORDESTE,FORMOSA,FORMOSA,PLANALTINA,5217609,Planaltina - GO
GO,SAO JOAO D'ALIANCA,EQTL_GO,NORDESTE,FORMOSA,FORMOSA,SAO JOAO D'ALIANCA,5220009,São João d'Aliança - GO
GO,CABECEIRAS,EQTL_GO,NORDESTE,FORMOSA,FORMOSA,CABECEIRAS,5204003,Cabeceiras - GO
GO,FLORES DE GOIAS,EQTL_GO,NORDESTE,FORMOSA,FORMOSA,FLORES DE GOIAS,5207907,Flores de Goiás - GO
GO,FORMOSA,EQTL_GO,NORDESTE,FORMOSA,FORMOSA,FORMOSA,5208004,Formosa - GO
GO,VILA BOA,EQTL_GO,NORDESTE,FORMOSA,FORMOSA,VILA BOA,5222203,Vila Boa - GO
GO,AGUAS LINDAS DE GOIAS,EQTL_GO,NORDESTE,LUZIANIA,ÁGUAS LINDAS,AGUAS LINDAS DE GOIAS,5200258,Águas Lindas de Goiás - GO
GO,MIMOSO DE GOIAS,EQTL_GO,NORDESTE,LUZIANIA,ÁGUAS LINDAS,MIMOSO DE GOIAS,5213053,Mimoso de Goiás - GO
GO,PADRE BERNARDO,EQTL_GO,NORDESTE,LUZIANIA,ÁGUAS LINDAS,PADRE BERNARDO,5215603,Padre Bernardo - GO
GO,SANTO ANTONIO DO DESCOBERTO,EQTL_GO,NORDESTE,LUZIANIA,ÁGUAS LINDAS,SANTO ANTONIO DO DESCOBERTO,5219753,Santo Antônio do Descoberto - GO
GO,CIDADE OCIDENTAL,EQTL_GO,NORDESTE,LUZIANIA,LUZIÂNIA,CIDADE OCIDENTAL,5205497,Cidade Ocidental - GO
GO,CRISTALINA,EQTL_GO,NORDESTE,LUZIANIA,LUZIÂNIA,CRISTALINA,5206206,Cristalina - GO
GO,LUZIANIA,EQTL_GO,NORDESTE,LUZIANIA,LUZIÂNIA,LUZIANIA,5212501,Luziânia - GO
GO,NOVO GAMA,EQTL_GO,NORDESTE,LUZIANIA,LUZIÂNIA,NOVO GAMA,5215231,Novo Gama - GO
GO,VALPARAISO DE GOIAS,EQTL_GO,NORDESTE,LUZIANIA,LUZIÂNIA,VALPARAISO DE GOIAS,5221858,Valparaíso de Goiás - GO
GO,ABADIANIA,EQTL_GO,NORTE,ANAPOLIS,ANÁPOLIS,ABADIANIA,5200100,Abadiânia - GO
GO,ALEXANIA,EQTL_GO,NORTE,ANAPOLIS,ANÁPOLIS,ALEXANIA,5200308,Alexânia - GO
GO,ANAPOLIS,EQTL_GO,NORTE,ANAPOLIS,ANÁPOLIS,ANAPOLIS,5201108,Anápolis - GO
GO,CAMPO LIMPO DE GOIAS,EQTL_GO,NORTE,ANAPOLIS,ANÁPOLIS,CAMPO LIMPO DE GOIAS,5204854,Campo Limpo de Goiás - GO
GO,COCALZINHO DE GOIAS,EQTL_GO,NORTE,ANAPOLIS,ANÁPOLIS,COCALZINHO DE GOIAS,5205513,Cocalzinho de Goiás - GO
GO,CORUMBA DE GOIAS,EQTL_GO,NORTE,ANAPOLIS,ANÁPOLIS,CORUMBA DE GOIAS,5205802,Corumbá de Goiás - GO
GO,GOIANAPOLIS,EQTL_GO,NORTE,ANAPOLIS,ANÁPOLIS,GOIANAPOLIS,5208400,Goianápolis - GO
GO,OURO VERDE DE GOIAS,EQTL_GO,NORTE,ANAPOLIS,ANÁPOLIS,OURO VERDE DE GOIAS,5215405,Ouro Verde de Goiás - GO
GO,PIRENOPOLIS,EQTL_GO,NORTE,ANAPOLIS,ANÁPOLIS,PIRENOPOLIS,5217302,Pirenópolis - GO
GO,TEREZOPOLIS DE GOIAS,EQTL_GO,NORTE,ANAPOLIS,ANÁPOLIS,TEREZOPOLIS DE GOIAS,5221197,Terezópolis de Goiás - GO
GO,BARRO ALTO,EQTL_GO,NORTE,ANAPOLIS,JARAGUÁ,BARRO ALTO,5203203,Barro Alto - GO
GO,GOIANESIA,EQTL_GO,NORTE,ANAPOLIS,JARAGUÁ,GOIANESIA,5208608,Goianésia - GO
GO,JARAGUA,EQTL_GO,NORTE,ANAPOLIS,JARAGUÁ,JARAGUA,5211800,Jaraguá - GO
GO,JESUPOLIS,EQTL_GO,NORTE,ANAPOLIS,JARAGUÁ,JESUPOLIS,5212055,Jesúpolis - GO
GO,PETROLINA DE GOIAS,EQTL_GO,NORTE,ANAPOLIS,JARAGUÁ,PETROLINA DE GOIAS,5216809,Petrolina de Goiás - GO
GO,SANTA RITA DO NOVO DESTINO,EQTL_GO,NORTE,ANAPOLIS,JARAGUÁ,SANTA RITA DO NOVO DESTINO,5219456,Santa Rita do Novo Destino - GO
GO,SANTA ROSA DE GOIAS,EQTL_GO,NORTE,ANAPOLIS,JARAGUÁ,SANTA ROSA DE GOIAS,5219506,Santa Rosa de Goiás - GO
GO,SAO FRANCISCO DE GOIAS,EQTL_GO,NORTE,ANAPOLIS,JARAGUÁ,SAO FRANCISCO DE GOIAS,5219902,São Francisco de Goiás - GO
GO,URUANA,EQTL_GO,NORTE,ANAPOLIS,JARAGUÁ,URUANA,5221700,Uruana - GO
GO,VILA PROPICIO,EQTL_GO,NORTE,ANAPOLIS,JARAGUÁ,VILA PROPICIO,5222302,Vila Propício - GO
GO,AMARALINA,EQTL_GO,NORTE,URUACU,PORANGATU,AMARALINA,5200829,Amaralina - GO
GO,BONOPOLIS,EQTL_GO,NORTE,URUACU,PORANGATU,BONOPOLIS,5203575,Bonópolis - GO
GO,CAMPINACU,EQTL_GO,NORTE,URUACU,PORANGATU,CAMPINACU,5204656,Campinaçu - GO
GO,ESTRELA DO NORTE,EQTL_GO,NORTE,URUACU,PORANGATU,ESTRELA DO NORTE,5207501,Estrela do Norte - GO
GO,FORMOSO,EQTL_GO,NORTE,URUACU,PORANGATU,FORMOSO,5208103,Formoso - GO
GO,MARA ROSA,EQTL_GO,NORTE,URUACU,PORANGATU,MARA ROSA,5212808,Mara Rosa - GO
GO,MINACU,EQTL_GO,NORTE,URUACU,PORANGATU,MINACU,5213087,Minaçu - GO
GO,MONTIVIDIU DO NORTE,EQTL_GO,NORTE,URUACU,PORANGATU,MONTIVIDIU DO NORTE,5213772,Montividiu do Norte - GO
GO,MUNDO NOVO,EQTL_GO,NORTE,URUACU,PORANGATU,MUNDO NOVO,5214051,Mundo Novo - GO
GO,MUTUNOPOLIS,EQTL_GO,NORTE,URUACU,PORANGATU,MUTUNOPOLIS,5214101,Mutunópolis - GO
GO,NOVA CRIXAS,EQTL_GO,NORTE,URUACU,PORANGATU,NOVA CRIXAS,5214838,Nova Crixás - GO
GO,NOVO PLANALTO,EQTL_GO,NORTE,URUACU,PORANGATU,NOVO PLANALTO,5215256,Novo Planalto - GO
GO,PORANGATU,EQTL_GO,NORTE,URUACU,PORANGATU,PORANGATU,5218003,Porangatu - GO
GO,SANTA TEREZA DE GOIAS,EQTL_GO,NORTE,URUACU,PORANGATU,SANTA TEREZA DE GOIAS,5219605,Santa Tereza de Goiás - GO
GO,SAO MIGUEL DO ARAGUAIA,EQTL_GO,NORTE,URUACU,PORANGATU,SAO MIGUEL DO ARAGUAIA,5220207,São Miguel do Araguaia - GO
GO,TROMBAS,EQTL_GO,NORTE,URUACU,PORANGATU,TROMBAS,5221452,Trombas - GO
GO,ALTO HORIZONTE,EQTL_GO,NORTE,URUACU,URUAÇU,ALTO HORIZONTE,5200555,Alto Horizonte - GO
GO,CAMPINORTE,EQTL_GO,NORTE,URUACU,URUAÇU,CAMPINORTE,5204706,Campinorte - GO
GO,CAMPOS VERDES,EQTL_GO,NORTE,URUACU,URUAÇU,CAMPOS VERDES,5204953,Campos Verdes - GO
GO,CERES,EQTL_GO,NORTE,URUACU,URUAÇU,CERES,5205406,Ceres - GO
GO,COLINAS DO SUL,EQTL_GO,NORTE,URUACU,URUAÇU,COLINAS DO SUL,5205521,Colinas do Sul - GO
GO,CRIXAS,EQTL_GO,NORTE,URUACU,URUAÇU,CRIXAS,5206404,Crixás - GO
GO,GUARINOS,EQTL_GO,NORTE,URUACU,URUAÇU,GUARINOS,5209457,Guarinos - GO
GO,HIDROLINA,EQTL_GO,NORTE,URUACU,URUAÇU,HIDROLINA,5209804,Hidrolina - GO
GO,IPIRANGA DE GOIAS,EQTL_GO,NORTE,URUACU,URUAÇU,IPIRANGA DE GOIAS,5210158,Ipiranga de Goiás - GO
GO,ITAPACI,EQTL_GO,NORTE,URUACU,URUAÇU,ITAPACI,5210901,Itapaci - GO
GO,NIQUELANDIA,EQTL_GO,NORTE,URUACU,URUAÇU,NIQUELANDIA,5214606,Niquelândia - GO
GO,NOVA AMERICA,EQTL_GO,NORTE,URUACU,URUAÇU,NOVA AMERICA,5214705,Nova América - GO
GO,NOVA GLORIA,EQTL_GO,NORTE,URUACU,URUAÇU,NOVA GLORIA,5214861,Nova Glória - GO
GO,NOVA IGUACU DE GOIAS,EQTL_GO,NORTE,URUACU,URUAÇU,NOVA IGUACU DE GOIAS,5214879,Nova Iguaçu de Goiás - GO
GO,PILAR DE GOIAS,EQTL_GO,NORTE,URUACU,URUAÇU,PILAR DE GOIAS,5216908,Pilar de Goiás - GO
GO,RIALMA,EQTL_GO,NORTE,URUACU,URUAÇU,RIALMA,5218607,Rialma - GO
GO,RUBIATABA,EQTL_GO,NORTE,URUACU,URUAÇU,RUBIATABA,5218904,Rubiataba - GO
GO,SANTA ISABEL,EQTL_GO,NORTE,URUACU,URUAÇU,SANTA ISABEL,5219357,Santa Isabel - GO
GO,SANTA TEREZINHA DE GOIAS,EQTL_GO,NORTE,URUACU,URUAÇU,SANTA TEREZINHA DE GOIAS,5219704,Santa Terezinha de Goiás - GO
GO,SAO LUIZ DO NORTE,EQTL_GO,NORTE,URUACU,URUAÇU,SAO LUIZ DO NORTE,5220157,São Luiz do Norte - GO
GO,SAO PATRICIO,EQTL_GO,NORTE,URUACU,URUAÇU,SAO PATRICIO,5220280,São Patrício - GO
GO,UIRAPURU,EQTL_GO,NORTE,URUACU,URUAÇU,UIRAPURU,5221577,Uirapuru - GO
GO,URUACU,EQTL_GO,NORTE,URUACU,URUAÇU,URUACU,5221601,Uruaçu - GO
GO,AMORINOPOLIS,EQTL_GO,SUDOESTE,IPORA,IPORÁ,AMORINOPOLIS,5200902,Amorinópolis - GO
GO,ARAGARCAS,EQTL_GO,SUDOESTE,IPORA,IPORÁ,ARAGARCAS,5201702,Aragarças - GO
GO,ARENOPOLIS,EQTL_GO,SUDOESTE,IPORA,IPORÁ,ARENOPOLIS,5202353,Arenópolis - GO
GO,BALIZA,EQTL_GO,SUDOESTE,IPORA,IPORÁ,BALIZA,5203104,Baliza - GO
GO,BOM JARDIM DE GOIAS,EQTL_GO,SUDOESTE,IPORA,IPORÁ,BOM JARDIM DE GOIAS,5203401,Bom Jardim de Goiás - GO
GO,CAIAPONIA,EQTL_GO,SUDOESTE,IPORA,IPORÁ,CAIAPONIA,5204409,Caiapônia - GO
GO,DIORAMA,EQTL_GO,SUDOESTE,IPORA,IPORÁ,DIORAMA,5207105,Diorama - GO
GO,DOVERLANDIA,EQTL_GO,SUDOESTE,IPORA,IPORÁ,DOVERLANDIA,5207253,Doverlândia - GO
GO,IPORA,EQTL_GO,SUDOESTE,IPORA,IPORÁ,IPORA,5210208,Iporá - GO
GO,ISRAELANDIA,EQTL_GO,SUDOESTE,IPORA,IPORÁ,ISRAELANDIA,5210307,Israelândia - GO
GO,IVOLANDIA,EQTL_GO,SUDOESTE,IPORA,IPORÁ,IVOLANDIA,5211602,Ivolândia - GO
GO,JAUPACI,EQTL_GO,SUDOESTE,IPORA,IPORÁ,JAUPACI,5212006,Jaupaci - GO
GO,MOIPORA,EQTL_GO,SUDOESTE,IPORA,IPORÁ,MOIPORA,5213400,Moiporá - GO
GO,MONTES CLAROS DE GOIAS,EQTL_GO,SUDOESTE,IPORA,IPORÁ,MONTES CLAROS DE GOIAS,5213707,Montes Claros de Goiás - GO
GO,PALESTINA DE GOIAS,EQTL_GO,SUDOESTE,IPORA,IPORÁ,PALESTINA DE GOIAS,5215652,Palestina de Goiás - GO
GO,PIRANHAS,EQTL_GO,SUDOESTE,IPORA,IPORÁ,PIRANHAS,5217203,Piranhas - GO
GO,APORE,EQTL_GO,SUDOESTE,IPORA,JATAÍ,APORE,5201504,Aporé - GO
GO,CHAPADAO DO CEU,EQTL_GO,SUDOESTE,IPORA,JATAÍ,CHAPADAO DO CEU,5205471,Chapadão do Céu - GO
GO,JATAI,EQTL_GO,SUDOESTE,IPORA,JATAÍ,JATAI,5211909,Jataí - GO
GO,MINEIROS,EQTL_GO,SUDOESTE,IPORA,JATAÍ,MINEIROS,5213103,Mineiros - GO
GO,PEROLANDIA,EQTL_GO,SUDOESTE,IPORA,JATAÍ,PEROLANDIA,5216452,Perolândia - GO
GO,PORTELANDIA,EQTL_GO,SUDOESTE,IPORA,JATAÍ,PORTELANDIA,5218102,Portelândia - GO
GO,SANTA RITA DO ARAGUAIA,EQTL_GO,SUDOESTE,IPORA,JATAÍ,SANTA RITA DO ARAGUAIA,5219407,Santa Rita do Araguaia - GO
GO,SERRANOPOLIS,EQTL_GO,SUDOESTE,IPORA,JATAÍ,SERRANOPOLIS,5220504,Serranópolis - GO
GO,ADELANDIA,EQTL_GO,SUDOESTE,MONTES BELOS,FIRMINÓPOLIS,ADELANDIA,5200159,Adelândia - GO
GO,AMERICANO DO BRASIL,EQTL_GO,SUDOESTE,MONTES BELOS,FIRMINÓPOLIS,AMERICANO DO BRASIL,5200852,Americano do Brasil - GO
GO,ANICUNS,EQTL_GO,SUDOESTE,MONTES BELOS,FIRMINÓPOLIS,ANICUNS,5201306,Anicuns - GO
GO,AURILANDIA,EQTL_GO,SUDOESTE,MONTES BELOS,FIRMINÓPOLIS,AURILANDIA,5202601,Aurilândia - GO
GO,AVELINOPOLIS,EQTL_GO,SUDOESTE,MONTES BELOS,FIRMINÓPOLIS,AVELINOPOLIS,5202809,Avelinópolis - GO
GO,BURITI DE GOIAS,EQTL_GO,SUDOESTE,MONTES BELOS,FIRMINÓPOLIS,BURITI DE GOIAS,5203939,Buriti de Goiás - GO
GO,CACHOEIRA DE GOIAS,EQTL_GO,SUDOESTE,MONTES BELOS,FIRMINÓPOLIS,CACHOEIRA DE GOIAS,5204201,Cachoeira de Goiás - GO
GO,CEZARINA,EQTL_GO,SUDOESTE,MONTES BELOS,FIRMINÓPOLIS,CEZARINA,5205455,Cezarina - GO
GO,CORREGO DO OURO,EQTL_GO,SUDOESTE,MONTES BELOS,FIRMINÓPOLIS,CORREGO DO OURO,5205703,Córrego do Ouro - GO
GO,FIRMINOPOLIS,EQTL_GO,SUDOESTE,MONTES BELOS,FIRMINÓPOLIS,FIRMINOPOLIS,5207808,Firminópolis - GO
GO,INDIARA,EQTL_GO,SUDOESTE,MONTES BELOS,FIRMINÓPOLIS,INDIARA,5209952,Indiara - GO
GO,JANDAIA,EQTL_GO,SUDOESTE,MONTES BELOS,FIRMINÓPOLIS,JANDAIA,5211701,Jandaia - GO
GO,MOSSAMEDES,EQTL_GO,SUDOESTE,MONTES BELOS,FIRMINÓPOLIS,MOSSAMEDES,5213905,Mossâmedes - GO
GO,NAZARIO,EQTL_GO,SUDOESTE,MONTES BELOS,FIRMINÓPOLIS,NAZARIO,5214408,Nazário - GO
GO,PALMEIRAS DE GOIAS,EQTL_GO,SUDOESTE,MONTES BELOS,FIRMINÓPOLIS,PALMEIRAS DE GOIAS,5215702,Palmeiras de Goiás - GO
GO,PALMINOPOLIS,EQTL_GO,SUDOESTE,MONTES BELOS,FIRMINÓPOLIS,PALMINOPOLIS,5215900,Palminópolis - GO
GO,PARAUNA,EQTL_GO,SUDOESTE,MONTES BELOS,FIRMINÓPOLIS,PARAUNA,5216403,Paraúna - GO
GO,SANCLERLANDIA,EQTL_GO,SUDOESTE,MONTES BELOS,FIRMINÓPOLIS,SANCLERLANDIA,5219001,Sanclerlândia - GO
GO,SAO JOAO DA PARAUNA,EQTL_GO,SUDOESTE,MONTES BELOS,FIRMINÓPOLIS,SAO JOAO DA PARAUNA,5220058,São João da Paraúna - GO
GO,SAO LUIS DE MONTES BELOS,EQTL_GO,SUDOESTE,MONTES BELOS,FIRMINÓPOLIS,SAO LUIS DE MONTES BELOS,5220108,São Luís de Montes Belos - GO
GO,TURVANIA,EQTL_GO,SUDOESTE,MONTES BELOS,FIRMINÓPOLIS,TURVANIA,5221502,Turvânia - GO
GO,ARAGUAPAZ,EQTL_GO,SUDOESTE,MONTES BELOS,GOIÁS,ARAGUAPAZ,5202155,Araguapaz - GO
GO,CARMO DO RIO VERDE,EQTL_GO,SUDOESTE,MONTES BELOS,GOIÁS,CARMO DO RIO VERDE,5205000,Carmo do Rio Verde - GO
GO,FAINA,EQTL_GO,SUDOESTE,MONTES BELOS,GOIÁS,FAINA,5207535,Faina - GO
GO,GOIAS,EQTL_GO,SUDOESTE,MONTES BELOS,GOIÁS,GOIAS,5208905,Goiás - GO
GO,GUARAITA,EQTL_GO,SUDOESTE,MONTES BELOS,GOIÁS,GUARAITA,5209291,Guaraíta - GO
GO,HEITORAI,EQTL_GO,SUDOESTE,MONTES BELOS,GOIÁS,HEITORAI,5209606,Heitoraí - GO
GO,ITABERAI,EQTL_GO,SUDOESTE,MONTES BELOS,GOIÁS,ITABERAI,5210406,Itaberaí - GO
GO,ITAGUARI,EQTL_GO,SUDOESTE,MONTES BELOS,GOIÁS,ITAGUARI,5210562,Itaguari - GO
GO,ITAGUARU,EQTL_GO,SUDOESTE,MONTES BELOS,GOIÁS,ITAGUARU,5210604,Itaguaru - GO
GO,ITAPURANGA,EQTL_GO,SUDOESTE,MONTES BELOS,GOIÁS,ITAPURANGA,5211206,Itapuranga - GO
GO,MORRO AGUDO DE GOIAS,EQTL_GO,SUDOESTE,MONTES BELOS,GOIÁS,MORRO AGUDO DE GOIAS,5213855,Morro Agudo de Goiás - GO
GO,MOZARLANDIA,EQTL_GO,SUDOESTE,MONTES BELOS,GOIÁS,MOZARLANDIA,5214002,Mozarlândia - GO
GO,TAQUARAL DE GOIAS,EQTL_GO,SUDOESTE,MONTES BELOS,GOIÁS,TAQUARAL DE GOIAS,5221007,Taquaral de Goiás - GO
GO,ARUANA,EQTL_GO,SUDOESTE,MONTES BELOS,JUSSARA,ARUANA,5202502,Aruanã - GO
GO,BRITANIA,EQTL_GO,SUDOESTE,MONTES BELOS,JUSSARA,BRITANIA,5203807,Britânia - GO
GO,FAZENDA NOVA,EQTL_GO,SUDOESTE,MONTES BELOS,JUSSARA,FAZENDA NOVA,5207600,Fazenda Nova - GO
GO,ITAPIRAPUA,EQTL_GO,SUDOESTE,MONTES BELOS,JUSSARA,ITAPIRAPUA,5211008,Itapirapuã - GO
GO,JUSSARA,EQTL_GO,SUDOESTE,MONTES BELOS,JUSSARA,JUSSARA,5212204,Jussara - GO
GO,MATRINCHA,EQTL_GO,SUDOESTE,MONTES BELOS,JUSSARA,MATRINCHA,5212956,Matrinchã - GO
GO,NOVO BRASIL,EQTL_GO,SUDOESTE,MONTES BELOS,JUSSARA,NOVO BRASIL,5215207,Novo Brasil - GO
GO,SANTA FE DE GOIAS,EQTL_GO,SUDOESTE,MONTES BELOS,JUSSARA,SANTA FE DE GOIAS,5219258,Santa Fé de Goiás - GO
GO,AGUA LIMPA,EQTL_GO,SUL,MORRINHOS,CALDAS NOVAS,AGUA LIMPA,5200209,Água Limpa - GO
GO,CALDAS NOVAS,EQTL_GO,SUL,MORRINHOS,CALDAS NOVAS,CALDAS NOVAS,5204508,Caldas Novas - GO
GO,CORUMBAIBA,EQTL_GO,SUL,MORRINHOS,CALDAS NOVAS,CORUMBAIBA,5205901,Corumbaíba - GO
GO,MARZAGAO,EQTL_GO,SUL,MORRINHOS,CALDAS NOVAS,MARZAGAO,5212907,Marzagão - GO
GO,RIO QUENTE,EQTL_GO,SUL,MORRINHOS,CALDAS NOVAS,RIO QUENTE,5218789,Rio Quente - GO
GO,ANHANGUERA,EQTL_GO,SUL,MORRINHOS,CATALÃO,ANHANGUERA,5201207,Anhanguera - GO
GO,CAMPO ALEGRE DE GOIAS,EQTL_GO,SUL,MORRINHOS,CATALÃO,CAMPO ALEGRE DE GOIAS,5204805,Campo Alegre de Goiás - GO
GO,CATALAO,EQTL_GO,SUL,MORRINHOS,CATALÃO,CATALAO,5205109,Catalão - GO
GO,CRISTIANOPOLIS,EQTL_GO,SUL,MORRINHOS,CATALÃO,CRISTIANOPOLIS,5206305,Cristianópolis - GO
GO,CUMARI,EQTL_GO,SUL,MORRINHOS,CATALÃO,CUMARI,5206602,Cumari - GO
GO,DAVINOPOLIS,EQTL_GO,SUL,MORRINHOS,CATALÃO,DAVINOPOLIS,5206909,Davinópolis - GO
GO,GOIANDIRA,EQTL_GO,SUL,MORRINHOS,CATALÃO,GOIANDIRA,5208509,Goiandira - GO
GO,IPAMERI,EQTL_GO,SUL,MORRINHOS,CATALÃO,IPAMERI,5210109,Ipameri - GO
GO,NOVA AURORA,EQTL_GO,SUL,MORRINHOS,CATALÃO,NOVA AURORA,5214804,Nova Aurora - GO
GO,ORIZONA,EQTL_GO,SUL,MORRINHOS,CATALÃO,ORIZONA,5215306,Orizona - GO
GO,OUVIDOR,EQTL_GO,SUL,MORRINHOS,CATALÃO,OUVIDOR,5215504,Ouvidor - GO
GO,PALMELO,EQTL_GO,SUL,MORRINHOS,CATALÃO,PALMELO,5215801,Palmelo - GO
GO,PIRES DO RIO,EQTL_GO,SUL,MORRINHOS,CATALÃO,PIRES DO RIO,5217401,Pires do Rio - GO
GO,SANTA CRUZ DE GOIAS,EQTL_GO,SUL,MORRINHOS,CATALÃO,SANTA CRUZ DE GOIAS,5219209,Santa Cruz de Goiás - GO
GO,TRES RANCHOS,EQTL_GO,SUL,MORRINHOS,CATALÃO,TRES RANCHOS,5221304,Três Ranchos - GO
GO,URUTAI,EQTL_GO,SUL,MORRINHOS,CATALÃO,URUTAI,5221809,Urutaí - GO
GO,ALOANDIA,EQTL_GO,SUL,MORRINHOS,MORRINHOS,ALOANDIA,5200506,Aloândia - GO
GO,BOM JESUS DE GOIAS,EQTL_GO,SUL,MORRINHOS,MORRINHOS,BOM JESUS DE GOIAS,5203500,Bom Jesus de Goiás - GO
GO,BURITI ALEGRE,EQTL_GO,SUL,MORRINHOS,MORRINHOS,BURITI ALEGRE,5203906,Buriti Alegre - GO
GO,CACHOEIRA DOURADA,EQTL_GO,SUL,MORRINHOS,MORRINHOS,CACHOEIRA DOURADA,5204250,Cachoeira Dourada - GO
GO,CROMINIA,EQTL_GO,SUL,MORRINHOS,MORRINHOS,CROMINIA,5206503,Cromínia - GO
GO,EDEALINA,EQTL_GO,SUL,MORRINHOS,MORRINHOS,EDEALINA,5207352,Edealina - GO
GO,EDEIA,EQTL_GO,SUL,MORRINHOS,MORRINHOS,EDEIA,5207402,Edéia - GO
GO,GOIATUBA,EQTL_GO,SUL,MORRINHOS,MORRINHOS,GOIATUBA,5209101,Goiatuba - GO
GO,ITUMBIARA,EQTL_GO,SUL,MORRINHOS,MORRINHOS,ITUMBIARA,5211503,Itumbiara - GO
GO,JOVIANIA,EQTL_GO,SUL,MORRINHOS,MORRINHOS,JOVIANIA,5212105,Joviânia - GO
GO,MAIRIPOTABA,EQTL_GO,SUL,MORRINHOS,MORRINHOS,MAIRIPOTABA,5212600,Mairipotaba - GO
GO,MORRINHOS,EQTL_GO,SUL,MORRINHOS,MORRINHOS,MORRINHOS,5213806,Morrinhos - GO
GO,PANAMA,EQTL_GO,SUL,MORRINHOS,MORRINHOS,PANAMA,5216007,Panamá - GO
GO,PIRACANJUBA,EQTL_GO,SUL,MORRINHOS,MORRINHOS,PIRACANJUBA,5217104,Piracanjuba - GO
GO,PONTALINA,EQTL_GO,SUL,MORRINHOS,MORRINHOS,PONTALINA,5217708,Pontalina - GO
GO,PROFESSOR JAMIL,EQTL_GO,SUL,MORRINHOS,MORRINHOS,PROFESSOR JAMIL,5218391,Professor Jamil - GO
GO,VICENTINOPOLIS,EQTL_GO,SUL,MORRINHOS,MORRINHOS,VICENTINOPOLIS,5222054,Vicentinópolis - GO
GO,CACHOEIRA ALTA,EQTL_GO,SUL,RIO VERDE,QUIRINÓPOLIS,CACHOEIRA ALTA,5204102,Cachoeira Alta - GO
GO,CACU,EQTL_GO,SUL,RIO VERDE,QUIRINÓPOLIS,CACU,5204300,Caçu - GO
GO,GOUVELANDIA,EQTL_GO,SUL,RIO VERDE,QUIRINÓPOLIS,GOUVELANDIA,5209150,Gouvelândia - GO
GO,INACIOLANDIA,EQTL_GO,SUL,RIO VERDE,QUIRINÓPOLIS,INACIOLANDIA,5209937,Inaciolândia - GO
GO,ITAJA,EQTL_GO,SUL,RIO VERDE,QUIRINÓPOLIS,ITAJA,5210802,Itajá - GO
GO,ITARUMA,EQTL_GO,SUL,RIO VERDE,QUIRINÓPOLIS,ITARUMA,5211305,Itarumã - GO
GO,LAGOA SANTA,EQTL_GO,SUL,RIO VERDE,QUIRINÓPOLIS,LAGOA SANTA,5212253,Lagoa Santa - GO
GO,PARANAIGUARA,EQTL_GO,SUL,RIO VERDE,QUIRINÓPOLIS,PARANAIGUARA,5216304,Paranaiguara - GO
GO,QUIRINOPOLIS,EQTL_GO,SUL,RIO VERDE,QUIRINÓPOLIS,QUIRINOPOLIS,5218508,Quirinópolis - GO
GO,SAO SIMAO,EQTL_GO,SUL,RIO VERDE,QUIRINÓPOLIS,SAO SIMAO,5220405,São Simão - GO
GO,ACREUNA,EQTL_GO,SUL,RIO VERDE,RIO VERDE,ACREUNA,5200134,Acreúna - GO
GO,APARECIDA DO RIO DOCE,EQTL_GO,SUL,RIO VERDE,RIO VERDE,APARECIDA DO RIO DOCE,5201454,Aparecida do Rio Doce - GO
GO,CASTELANDIA,EQTL_GO,SUL,RIO VERDE,RIO VERDE,CASTELANDIA,5205059,Castelândia - GO
GO,MAURILANDIA,EQTL_GO,SUL,RIO VERDE,RIO VERDE,MAURILANDIA,5213004,Maurilândia - GO
GO,MONTIVIDIU,EQTL_GO,SUL,RIO VERDE,RIO VERDE,MONTIVIDIU,5213756,Montividiu - GO
GO,PORTEIRAO,EQTL_GO,SUL,RIO VERDE,RIO VERDE,PORTEIRAO,5218052,Porteirão - GO
GO,RIANAPOLIS,EQTL_GO,SUL,RIO VERDE,RIO VERDE,RIO VERDE,5218706,Rianápolis - GO
GO,RIO VERDE,EQTL_GO,SUL,RIO VERDE,RIO VERDE,RIO VERDE,5218805,Rio Verde - GO
GO,SANTA HELENA DE GOIAS,EQTL_GO,SUL,RIO VERDE,RIO VERDE,SANTA HELENA DE GOIAS,5219308,Santa Helena de Goiás - GO
GO,SANTO ANTONIO DA BARRA,EQTL_GO,SUL,RIO VERDE,RIO VERDE,SANTO ANTONIO DA BARRA,5219712,Santo Antônio da Barra - GO
GO,TURVELANDIA,EQTL_GO,SUL,RIO VERDE,RIO VERDE,TURVELANDIA,5221551,Turvelândia - GO
MA,ALTAMIRA DO MARANHAO,EQTL_MA,CENTRO,CENTRO,BACABAL,ALTAMIRA DO MARANHAO,2100402,Altamira do Maranhão - MA
MA,ALTO ALEGRE DO MARANHAO,EQTL_MA,CENTRO,CENTRO,BACABAL,ALTO ALEGRE DO MARANHAO,2100436,Alto Alegre do Maranhão - MA
MA,BACABAL,EQTL_MA,CENTRO,CENTRO,BACABAL,BACABAL,2101202,Bacabal - MA
MA,BOM LUGAR,EQTL_MA,CENTRO,CENTRO,BACABAL,BOM LUGAR,2102077,Bom Lugar - MA
MA,BREJO DE AREIA,EQTL_MA,CENTRO,CENTRO,BACABAL,BREJO DE AREIA,2102150,Brejo de Areia - MA
MA,CAPINZAL DO NORTE,EQTL_MA,CENTRO,CENTRO,BACABAL,CAPINZAL DO NORTE,2102754,Capinzal do Norte - MA
MA,CONCEICAO DO LAGO-ACU,EQTL_MA,CENTRO,CENTRO,BACABAL,CONCEICAO DO LAGO-ACU,2103554,Conceição do Lago-Açu - MA
MA,COROATA,EQTL_MA,CENTRO,CENTRO,BACABAL,COROATA,2103604,Coroatá - MA
MA,LAGO VERDE,EQTL_MA,CENTRO,CENTRO,BACABAL,LAGO VERDE,2105906,Lago Verde - MA
MA,OLHO D'AGUA DAS CUNHAS,EQTL_MA,CENTRO,CENTRO,BACABAL,OLHO D'AGUA DAS CUNHAS,2107407,Olho d'Água das Cunhãs - MA
MA,PERITORO,EQTL_MA,CENTRO,CENTRO,BACABAL,PERITORO,2108454,Peritoró - MA
MA,SAO LUIS GONZAGA DO MARANHAO,EQTL_MA,CENTRO,CENTRO,BACABAL,SAO LUIS GONZAGA DO MARANHAO,2111409,São Luís Gonzaga do Maranhão - MA
MA,SAO MATEUS DO MARANHAO,EQTL_MA,CENTRO,CENTRO,BACABAL,SAO MATEUS DO MARANHAO,2111508,São Mateus do Maranhão - MA
MA,VITORINO FREIRE,EQTL_MA,CENTRO,CENTRO,BACABAL,VITORINO FREIRE,2113009,Vitorino Freire - MA
MA,ANAJATUBA,EQTL_MA,CENTRO,CENTRO,ITAPECURU MIRIM,ANAJATUBA,2100709,Anajatuba - MA
MA,ARARI,EQTL_MA,CENTRO,CENTRO,ITAPECURU MIRIM,ARARI,2101004,Arari - MA
MA,CANTANHEDE,EQTL_MA,CENTRO,CENTRO,ITAPECURU MIRIM,CANTANHEDE,2102705,Cantanhede - MA
MA,ITAPECURU MIRIM,EQTL_MA,CENTRO,CENTRO,ITAPECURU MIRIM,ITAPECURU MIRIM,2105401,Itapecuru Mirim - MA
MA,MATOES DO NORTE,EQTL_MA,CENTRO,CENTRO,ITAPECURU MIRIM,MATOES DO NORTE,2106631,Matões do Norte - MA
MA,MIRANDA DO NORTE,EQTL_MA,CENTRO,CENTRO,ITAPECURU MIRIM,MIRANDA DO NORTE,2106755,Miranda do Norte - MA
MA,NINA RODRIGUES,EQTL_MA,CENTRO,CENTRO,ITAPECURU MIRIM,NINA RODRIGUES,2107209,Nina Rodrigues - MA
MA,PIRAPEMAS,EQTL_MA,CENTRO,CENTRO,ITAPECURU MIRIM,PIRAPEMAS,2108801,Pirapemas - MA
MA,PRESIDENTE VARGAS,EQTL_MA,CENTRO,CENTRO,ITAPECURU MIRIM,PRESIDENTE VARGAS,2109304,Presidente Vargas - MA
MA,VARGEM GRANDE,EQTL_MA,CENTRO,CENTRO,ITAPECURU MIRIM,VARGEM GRANDE,2112704,Vargem Grande - MA
MA,VITORIA DO MEARIM,EQTL_MA,CENTRO,CENTRO,ITAPECURU MIRIM,VITORIA DO MEARIM,2112902,Vitória do Mearim - MA
MA,BERNARDO DO MEARIM,EQTL_MA,CENTRO,CENTRO,PEDREIRAS,BERNARDO DO MEARIM,2101939,Bernardo do Mearim - MA
MA,ESPERANTINOPOLIS,EQTL_MA,CENTRO,CENTRO,PEDREIRAS,ESPERANTINOPOLIS,2104008,Esperantinópolis - MA
MA,IGARAPE GRANDE,EQTL_MA,CENTRO,CENTRO,PEDREIRAS,IGARAPE GRANDE,2105203,Igarapé Grande - MA
MA,LAGO DA PEDRA,EQTL_MA,CENTRO,CENTRO,PEDREIRAS,LAGO DA PEDRA,2105708,Lago da Pedra - MA
MA,LAGO DO JUNCO,EQTL_MA,CENTRO,CENTRO,PEDREIRAS,LAGO DO JUNCO,2105807,Lago do Junco - MA
MA,LAGO DOS RODRIGUES,EQTL_MA,CENTRO,CENTRO,PEDREIRAS,LAGO DOS RODRIGUES,2105948,Lago dos Rodrigues - MA
MA,LAGOA GRANDE DO MARANHAO,EQTL_MA,CENTRO,CENTRO,PEDREIRAS,LAGOA GRANDE DO MARANHAO,2105963,Lagoa Grande do Maranhão - MA
MA,LIMA CAMPOS,EQTL_MA,CENTRO,CENTRO,PEDREIRAS,LIMA CAMPOS,2106003,Lima Campos - MA
MA,MARAJA DO SENA,EQTL_MA,CENTRO,CENTRO,PEDREIRAS,MARAJA DO SENA,2106359,Marajá do Sena - MA
MA,PAULO RAMOS,EQTL_MA,CENTRO,CENTRO,PEDREIRAS,PAULO RAMOS,2108108,Paulo Ramos - MA
MA,PEDREIRAS,EQTL_MA,CENTRO,CENTRO,PEDREIRAS,PEDREIRAS,2108207,Pedreiras - MA
MA,POCAO DE PEDRAS,EQTL_MA,CENTRO,CENTRO,PEDREIRAS,POCAO DE PEDRAS,2108900,Poção de Pedras - MA
MA,SAO RAIMUNDO DO DOCA BEZERRA,EQTL_MA,CENTRO,CENTRO,PEDREIRAS,SAO RAIMUNDO DO DOCA BEZERRA,2111631,São Raimundo do Doca Bezerra - MA
MA,SAO ROBERTO,EQTL_MA,CENTRO,CENTRO,PEDREIRAS,SAO ROBERTO,2111672,São Roberto - MA
MA,TRIZIDELA DO VALE,EQTL_MA,CENTRO,CENTRO,PEDREIRAS,TRIZIDELA DO VALE,2112233,Trizidela do Vale - MA
MA,BARRA DO CORDA,EQTL_MA,CENTRO,CENTRO,PRESIDENTE DUTRA,BARRA DO CORDA,2101608,Barra do Corda - MA
MA,DOM PEDRO,EQTL_MA,CENTRO,CENTRO,PRESIDENTE DUTRA,DOM PEDRO,2103802,Dom Pedro - MA
MA,FERNANDO FALCAO,EQTL_MA,CENTRO,CENTRO,PRESIDENTE DUTRA,FERNANDO FALCAO,2104081,Fernando Falcão - MA
MA,FORTUNA,EQTL_MA,CENTRO,CENTRO,PRESIDENTE DUTRA,FORTUNA,2104206,Fortuna - MA
MA,GONCALVES DIAS,EQTL_MA,CENTRO,CENTRO,PRESIDENTE DUTRA,GONCALVES DIAS,2104404,Gonçalves Dias - MA
MA,GOVERNADOR ARCHER,EQTL_MA,CENTRO,CENTRO,PRESIDENTE DUTRA,GOVERNADOR ARCHER,2104503,Governador Archer - MA
MA,GOVERNADOR EUGENIO BARROS,EQTL_MA,CENTRO,CENTRO,PRESIDENTE DUTRA,GOVERNADOR EUGENIO BARROS,2104602,Governador Eugênio Barros - MA
MA,GOVERNADOR LUIZ ROCHA,EQTL_MA,CENTRO,CENTRO,PRESIDENTE DUTRA,GOVERNADOR LUIZ ROCHA,2104628,Governador Luiz Rocha - MA
MA,GRACA ARANHA,EQTL_MA,CENTRO,CENTRO,PRESIDENTE DUTRA,GRACA ARANHA,2104701,Graça Aranha - MA
MA,JENIPAPO DOS VIEIRAS,EQTL_MA,CENTRO,CENTRO,PRESIDENTE DUTRA,JENIPAPO DOS VIEIRAS,2105476,Jenipapo dos Vieiras - MA
MA,JOSELANDIA,EQTL_MA,CENTRO,CENTRO,PRESIDENTE DUTRA,JOSELANDIA,2105609,Joselândia - MA
MA,PRESIDENTE DUTRA,EQTL_MA,CENTRO,CENTRO,PRESIDENTE DUTRA,PRESIDENTE DUTRA,2109106,Presidente Dutra - MA
MA,SANTA FILOMENA DO MARANHAO,EQTL_MA,CENTRO,CENTRO,PRESIDENTE DUTRA,SANTA FILOMENA DO MARANHAO,2109759,Santa Filomena do Maranhão - MA
MA,SANTO ANTONIO DOS LOPES,EQTL_MA,CENTRO,CENTRO,PRESIDENTE DUTRA,SANTO ANTONIO DOS LOPES,2110302,Santo Antônio dos Lopes - MA
MA,SAO DOMINGOS DO MARANHAO,EQTL_MA,CENTRO,CENTRO,PRESIDENTE DUTRA,SAO DOMINGOS DO MARANHAO,2110708,São Domingos do Maranhão - MA
MA,SAO JOSE DOS BASILIOS,EQTL_MA,CENTRO,CENTRO,PRESIDENTE DUTRA,SAO JOSE DOS BASILIOS,2111250,São José dos Basílios - MA
MA,SENADOR ALEXANDRE COSTA,EQTL_MA,CENTRO,CENTRO,PRESIDENTE DUTRA,SENADOR ALEXANDRE COSTA,2111748,Senador Alexandre Costa - MA
MA,TUNTUM,EQTL_MA,CENTRO,CENTRO,PRESIDENTE DUTRA,TUNTUM,2112308,Tuntum - MA
MA,ALTO ALEGRE DO PINDARE,EQTL_MA,CENTRO,CENTRO,SANTA INES,ALTO ALEGRE DO PINDARE,2100477,Alto Alegre do Pindaré - MA
MA,ARAGUANA,EQTL_MA,CENTRO,CENTRO,SANTA INES,ARAGUANA,2100873,Araguanã - MA
MA,BELA VISTA DO MARANHAO,EQTL_MA,CENTRO,CENTRO,SANTA INES,BELA VISTA DO MARANHAO,2101772,Bela Vista do Maranhão - MA
MA,BOM JARDIM,EQTL_MA,CENTRO,CENTRO,SANTA INES,BOM JARDIM,2102002,Bom Jardim - MA
MA,GOVERNADOR NEWTON BELLO,EQTL_MA,CENTRO,CENTRO,SANTA INES,GOVERNADOR NEWTON BELLO,2104651,Governador Newton Bello - MA
MA,IGARAPE DO MEIO,EQTL_MA,CENTRO,CENTRO,SANTA INES,IGARAPE DO MEIO,2105153,Igarapé do Meio - MA
MA,MONCAO,EQTL_MA,CENTRO,CENTRO,SANTA INES,MONCAO,2106904,Monção - MA
MA,PINDARE-MIRIM,EQTL_MA,CENTRO,CENTRO,SANTA INES,PINDARE-MIRIM,2108504,Pindaré-Mirim - MA
MA,PIO XII,EQTL_MA,CENTRO,CENTRO,SANTA INES,PIO XII,2108702,Pio XII - MA
MA,SANTA INES,EQTL_MA,CENTRO,CENTRO,SANTA INES,SANTA INES,2109908,Santa Inês - MA
MA,SANTA LUZIA,EQTL_MA,CENTRO,CENTRO,SANTA INES,SANTA LUZIA,2110005,Santa Luzia - MA
MA,SAO JOAO DO CARU,EQTL_MA,CENTRO,CENTRO,SANTA INES,SAO JOAO DO CARU,2111029,São João do Carú - MA
MA,SATUBINHA,EQTL_MA,CENTRO,CENTRO,SANTA INES,SATUBINHA,2111722,Satubinha - MA
MA,TUFILANDIA,EQTL_MA,CENTRO,CENTRO,SANTA INES,TUFILANDIA,2112274,Tufilândia - MA
MA,ZE DOCA,EQTL_MA,CENTRO,CENTRO,SANTA INES,ZE DOCA,2114007,Zé Doca - MA
MA,ALDEIAS ALTAS,EQTL_MA,LESTE,LESTE,CAXIAS,ALDEIAS ALTAS,2100303,Aldeias Altas - MA
MA,CAXIAS,EQTL_MA,LESTE,LESTE,CAXIAS,CAXIAS,2103000,Caxias - MA
MA,CODO,EQTL_MA,LESTE,LESTE,CAXIAS,CODO,2103307,Codó - MA
MA,SAO JOAO DO SOTER,EQTL_MA,LESTE,LESTE,CAXIAS,SAO JOAO DO SOTER,2111078,São João do Soter - MA
MA,TIMBIRAS,EQTL_MA,LESTE,LESTE,CAXIAS,TIMBIRAS,2112100,Timbiras - MA
MA,AFONSO CUNHA,EQTL_MA,LESTE,LESTE,CHAPADINHA,AFONSO CUNHA,2100105,Afonso Cunha - MA
MA,ANAPURUS,EQTL_MA,LESTE,LESTE,CHAPADINHA,ANAPURUS,2100808,Anapurus - MA
MA,BELAGUA,EQTL_MA,LESTE,LESTE,CHAPADINHA,BELAGUA,2101731,Belágua - MA
MA,BREJO,EQTL_MA,LESTE,LESTE,CHAPADINHA,BREJO,2102101,Brejo - MA
MA,BURITI,EQTL_MA,LESTE,LESTE,CHAPADINHA,BURITI,2102200,Buriti - MA
MA,CHAPADINHA,EQTL_MA,LESTE,LESTE,CHAPADINHA,CHAPADINHA,2103208,Chapadinha - MA
MA,COELHO NETO,EQTL_MA,LESTE,LESTE,CHAPADINHA,COELHO NETO,2103406,Coelho Neto - MA
MA,DUQUE BACELAR,EQTL_MA,LESTE,LESTE,CHAPADINHA,DUQUE BACELAR,2103901,Duque Bacelar - MA
MA,MATA ROMA,EQTL_MA,LESTE,LESTE,CHAPADINHA,MATA ROMA,2106409,Mata Roma - MA
MA,MILAGRES DO MARANHAO,EQTL_MA,LESTE,LESTE,CHAPADINHA,MILAGRES DO MARANHAO,2106672,Milagres do Maranhão - MA
MA,SANTA QUITERIA DO MARANHAO,EQTL_MA,LESTE,LESTE,CHAPADINHA,SANTA QUITERIA DO MARANHAO,2110104,Santa Quitéria do Maranhão - MA
MA,SAO BENEDITO DO RIO PRETO,EQTL_MA,LESTE,LESTE,CHAPADINHA,SAO BENEDITO DO RIO PRETO,2110401,São Benedito do Rio Preto - MA
MA,URBANO SANTOS,EQTL_MA,LESTE,LESTE,CHAPADINHA,URBANO SANTOS,2112605,Urbano Santos - MA
MA,BARAO DE GRAJAU,EQTL_MA,LESTE,LESTE,SAO JOAO DOS PATOS,BARAO DE GRAJAU,2101509,Barão de Grajaú - MA
MA,BENEDITO LEITE,EQTL_MA,LESTE,LESTE,SAO JOAO DOS PATOS,BENEDITO LEITE,2101806,Benedito Leite - MA
MA,BURITI BRAVO,EQTL_MA,LESTE,LESTE,SAO JOAO DOS PATOS,BURITI BRAVO,2102309,Buriti Bravo - MA
MA,COLINAS,EQTL_MA,LESTE,LESTE,SAO JOAO DOS PATOS,COLINAS,2103505,Colinas - MA
MA,JATOBA,EQTL_MA,LESTE,LESTE,SAO JOAO DOS PATOS,JATOBA,2105450,Jatobá - MA
MA,LAGOA DO MATO,EQTL_MA,LESTE,LESTE,SAO JOAO DOS PATOS,LAGOA DO MATO,2105922,Lagoa do Mato - MA
MA,MIRADOR,EQTL_MA,LESTE,LESTE,SAO JOAO DOS PATOS,MIRADOR,2106706,Mirador - MA
MA,NOVA IORQUE,EQTL_MA,LESTE,LESTE,SAO JOAO DOS PATOS,NOVA IORQUE,2107308,Nova Iorque - MA
MA,PARAIBANO,EQTL_MA,LESTE,LESTE,SAO JOAO DOS PATOS,PARAIBANO,2107704,Paraibano - MA
MA,PASSAGEM FRANCA,EQTL_MA,LESTE,LESTE,SAO JOAO DOS PATOS,PASSAGEM FRANCA,2107902,Passagem Franca - MA
MA,PASTOS BONS,EQTL_MA,LESTE,LESTE,SAO JOAO DOS PATOS,PASTOS BONS,2108009,Pastos Bons - MA
MA,SAO DOMINGOS DO AZEITAO,EQTL_MA,LESTE,LESTE,SAO JOAO DOS PATOS,SAO DOMINGOS DO AZEITAO,2110658,São Domingos do Azeitão - MA
MA,SAO JOAO DOS PATOS,EQTL_MA,LESTE,LESTE,SAO JOAO DOS PATOS,SAO JOAO DOS PATOS,2111102,São João dos Patos - MA
MA,SUCUPIRA DO NORTE,EQTL_MA,LESTE,LESTE,SAO JOAO DOS PATOS,SUCUPIRA DO NORTE,2111904,Sucupira do Norte - MA
MA,SUCUPIRA DO RIACHAO,EQTL_MA,LESTE,LESTE,SAO JOAO DOS PATOS,SUCUPIRA DO RIACHAO,2111953,Sucupira do Riachão - MA
MA,MATOES,EQTL_MA,LESTE,LESTE,TIMON,MATOES,2106607,Matões - MA
MA,PARNARAMA,EQTL_MA,LESTE,LESTE,TIMON,PARNARAMA,2107803,Parnarama - MA
MA,SAO FRANCISCO DO MARANHAO,EQTL_MA,LESTE,LESTE,TIMON,SAO FRANCISCO DO MARANHAO,2110906,São Francisco do Maranhão - MA
MA,TIMON,EQTL_MA,LESTE,LESTE,TIMON,TIMON,2112209,Timon - MA
MA,AMAPA DO MARANHAO,EQTL_MA,NORTE-NOROESTE,NOROESTE,GOVERNADOR NUNES FREIRE,AMAPA DO MARANHAO,2100550,Amapá do Maranhão - MA
MA,BOA VISTA DO GURUPI,EQTL_MA,NORTE-NOROESTE,NOROESTE,GOVERNADOR NUNES FREIRE,BOA VISTA DO GURUPI,2101970,Boa Vista do Gurupi - MA
MA,CANDIDO MENDES,EQTL_MA,NORTE-NOROESTE,NOROESTE,GOVERNADOR NUNES FREIRE,CANDIDO MENDES,2102606,Cândido Mendes - MA
MA,CARUTAPERA,EQTL_MA,NORTE-NOROESTE,NOROESTE,GOVERNADOR NUNES FREIRE,CARUTAPERA,2102903,Carutapera - MA
MA,CENTRO DO GUILHERME,EQTL_MA,NORTE-NOROESTE,NOROESTE,GOVERNADOR NUNES FREIRE,CENTRO DO GUILHERME,2103158,Centro do Guilherme - MA
MA,CENTRO NOVO DO MARANHAO,EQTL_MA,NORTE-NOROESTE,NOROESTE,GOVERNADOR NUNES FREIRE,CENTRO NOVO DO MARANHAO,2103174,Centro Novo do Maranhão - MA
MA,GODOFREDO VIANA,EQTL_MA,NORTE-NOROESTE,NOROESTE,GOVERNADOR NUNES FREIRE,GODOFREDO VIANA,2104305,Godofredo Viana - MA
MA,GOVERNADOR NUNES FREIRE,EQTL_MA,NORTE-NOROESTE,NOROESTE,GOVERNADOR NUNES FREIRE,GOVERNADOR NUNES FREIRE,2104677,Governador Nunes Freire - MA
MA,JUNCO DO MARANHAO,EQTL_MA,NORTE-NOROESTE,NOROESTE,GOVERNADOR NUNES FREIRE,JUNCO DO MARANHAO,2105658,Junco do Maranhão - MA
MA,LUIS DOMINGUES,EQTL_MA,NORTE-NOROESTE,NOROESTE,GOVERNADOR NUNES FREIRE,LUIS DOMINGUES,2106201,Luís Domingues - MA
MA,MARACACUME,EQTL_MA,NORTE-NOROESTE,NOROESTE,GOVERNADOR NUNES FREIRE,MARACACUME,2106326,Maracaçumé - MA
MA,MARANHAOZINHO,EQTL_MA,NORTE-NOROESTE,NOROESTE,GOVERNADOR NUNES FREIRE,MARANHAOZINHO,2106375,Maranhãozinho - MA
MA,NOVA OLINDA DO MARANHAO,EQTL_MA,NORTE-NOROESTE,NOROESTE,GOVERNADOR NUNES FREIRE,NOVA OLINDA DO MARANHAO,2107357,Nova Olinda do Maranhão - MA
MA,PRESIDENTE MEDICI,EQTL_MA,NORTE-NOROESTE,NOROESTE,GOVERNADOR NUNES FREIRE,PRESIDENTE MEDICI,2109239,Presidente Médici - MA
MA,SANTA HELENA,EQTL_MA,NORTE-NOROESTE,NOROESTE,GOVERNADOR NUNES FREIRE,SANTA HELENA,2109809,Santa Helena - MA
MA,SANTA LUZIA DO PARUA,EQTL_MA,NORTE-NOROESTE,NOROESTE,GOVERNADOR NUNES FREIRE,SANTA LUZIA DO PARUA,2110039,Santa Luzia do Paruá - MA
MA,TURIACU,EQTL_MA,NORTE-NOROESTE,NOROESTE,GOVERNADOR NUNES FREIRE,TURIACU,2112407,Turiaçu - MA
MA,TURILANDIA,EQTL_MA,NORTE-NOROESTE,NOROESTE,GOVERNADOR NUNES FREIRE,TURILANDIA,2112456,Turilândia - MA
MA,ALCANTARA,EQTL_MA,NORTE-NOROESTE,NOROESTE,PINHEIRO,ALCANTARA,2100204,Alcântara - MA
MA,APICUM-ACU,EQTL_MA,NORTE-NOROESTE,NOROESTE,PINHEIRO,APICUM-ACU,2100832,Apicum-Açu - MA
MA,BACURI,EQTL_MA,NORTE-NOROESTE,NOROESTE,PINHEIRO,BACURI,2101301,Bacuri - MA
MA,BACURITUBA,EQTL_MA,NORTE-NOROESTE,NOROESTE,PINHEIRO,BACURITUBA,2101350,Bacurituba - MA
MA,BEQUIMAO,EQTL_MA,NORTE-NOROESTE,NOROESTE,PINHEIRO,BEQUIMAO,2101905,Bequimão - MA
MA,CEDRAL,EQTL_MA,NORTE-NOROESTE,NOROESTE,PINHEIRO,CEDRAL,2103109,Cedral - MA
MA,CENTRAL DO MARANHAO,EQTL_MA,NORTE-NOROESTE,NOROESTE,PINHEIRO,CENTRAL DO MARANHAO,2103125,Central do Maranhão - MA
MA,CURURUPU,EQTL_MA,NORTE-NOROESTE,NOROESTE,PINHEIRO,CURURUPU,2103703,Cururupu - MA
MA,GUIMARAES,EQTL_MA,NORTE-NOROESTE,NOROESTE,PINHEIRO,GUIMARAES,2104909,Guimarães - MA
MA,MIRINZAL,EQTL_MA,NORTE-NOROESTE,NOROESTE,PINHEIRO,MIRINZAL,2106805,Mirinzal - MA
MA,PALMEIRANDIA,EQTL_MA,NORTE-NOROESTE,NOROESTE,PINHEIRO,PALMEIRANDIA,2107605,Palmeirândia - MA
MA,PEDRO DO ROSARIO,EQTL_MA,NORTE-NOROESTE,NOROESTE,PINHEIRO,PEDRO DO ROSARIO,2108256,Pedro do Rosário - MA
MA,PERI MIRIM,EQTL_MA,NORTE-NOROESTE,NOROESTE,PINHEIRO,PERI MIRIM,2108405,Peri Mirim - MA
MA,PINHEIRO,EQTL_MA,NORTE-NOROESTE,NOROESTE,PINHEIRO,PINHEIRO,2108603,Pinheiro - MA
MA,PORTO RICO DO MARANHAO,EQTL_MA,NORTE-NOROESTE,NOROESTE,PINHEIRO,PORTO RICO DO MARANHAO,2109056,Porto Rico do Maranhão - MA
MA,PRESIDENTE SARNEY,EQTL_MA,NORTE-NOROESTE,NOROESTE,PINHEIRO,PRESIDENTE SARNEY,2109270,Presidente Sarney - MA
MA,SAO BENTO,EQTL_MA,NORTE-NOROESTE,NOROESTE,PINHEIRO,SAO BENTO,2110500,São Bento - MA
MA,SERRANO DO MARANHAO,EQTL_MA,NORTE-NOROESTE,NOROESTE,PINHEIRO,SERRANO DO MARANHAO,2111789,Serrano do Maranhão - MA
MA,CAJAPIO,EQTL_MA,NORTE-NOROESTE,NOROESTE,VIANA,CAJAPIO,2102408,Cajapió - MA
MA,CAJARI,EQTL_MA,NORTE-NOROESTE,NOROESTE,VIANA,CAJARI,2102507,Cajari - MA
MA,MATINHA,EQTL_MA,NORTE-NOROESTE,NOROESTE,VIANA,MATINHA,2106508,Matinha - MA
MA,OLINDA NOVA DO MARANHAO,EQTL_MA,NORTE-NOROESTE,NOROESTE,VIANA,OLINDA NOVA DO MARANHAO,2107456,Olinda Nova do Maranhão - MA
MA,PENALVA,EQTL_MA,NORTE-NOROESTE,NOROESTE,VIANA,PENALVA,2108306,Penalva - MA
MA,SAO JOAO BATISTA,EQTL_MA,NORTE-NOROESTE,NOROESTE,VIANA,SAO JOAO BATISTA,2111003,São João Batista - MA
MA,SAO VICENTE FERRER,EQTL_MA,NORTE-NOROESTE,NOROESTE,VIANA,SAO VICENTE FERRER,2111706,São Vicente Ferrer - MA
MA,VIANA,EQTL_MA,NORTE-NOROESTE,NOROESTE,VIANA,VIANA,2112803,Viana - MA
MA,AGUA DOCE DO MARANHAO,EQTL_MA,NORTE-NOROESTE,NORTE,BARREIRINHAS,AGUA DOCE DO MARANHAO,2100154,Água Doce do Maranhão - MA
MA,ARAIOSES,EQTL_MA,NORTE-NOROESTE,NORTE,BARREIRINHAS,ARAIOSES,2100907,Araioses - MA
MA,BARREIRINHAS,EQTL_MA,NORTE-NOROESTE,NORTE,BARREIRINHAS,BARREIRINHAS,2101707,Barreirinhas - MA
MA,HUMBERTO DE CAMPOS,EQTL_MA,NORTE-NOROESTE,NORTE,BARREIRINHAS,HUMBERTO DE CAMPOS,2105005,Humberto de Campos - MA
MA,MAGALHAES DE ALMEIDA,EQTL_MA,NORTE-NOROESTE,NORTE,BARREIRINHAS,MAGALHAES DE ALMEIDA,2106300,Magalhães de Almeida - MA
MA,PAULINO NEVES,EQTL_MA,NORTE-NOROESTE,NORTE,BARREIRINHAS,PAULINO NEVES,2108058,Paulino Neves - MA
MA,PRIMEIRA CRUZ,EQTL_MA,NORTE-NOROESTE,NORTE,BARREIRINHAS,PRIMEIRA CRUZ,2109403,Primeira Cruz - MA
MA,SANTANA DO MARANHAO,EQTL_MA,NORTE-NOROESTE,NORTE,BARREIRINHAS,SANTANA DO MARANHAO,2110237,Santana do Maranhão - MA
MA,SANTO AMARO DO MARANHAO,EQTL_MA,NORTE-NOROESTE,NORTE,BARREIRINHAS,SANTO AMARO DO MARANHAO,2110278,Santo Amaro do Maranhão - MA
MA,SAO BERNARDO,EQTL_MA,NORTE-NOROESTE,NORTE,BARREIRINHAS,SAO BERNARDO,2110609,São Bernardo - MA
MA,TUTOIA,EQTL_MA,NORTE-NOROESTE,NORTE,BARREIRINHAS,TUTOIA,2112506,Tutóia - MA
MA,AXIXA,EQTL_MA,NORTE-NOROESTE,NORTE,ROSARIO,AXIXA,2101103,Axixá - MA
MA,BACABEIRA,EQTL_MA,NORTE-NOROESTE,NORTE,ROSARIO,BACABEIRA,2101251,Bacabeira - MA
MA,CACHOEIRA GRANDE,EQTL_MA,NORTE-NOROESTE,NORTE,ROSARIO,CACHOEIRA GRANDE,2102374,Cachoeira Grande - MA
MA,ICATU,EQTL_MA,NORTE-NOROESTE,NORTE,ROSARIO,ICATU,2105104,Icatu - MA
MA,MORROS,EQTL_MA,NORTE-NOROESTE,NORTE,ROSARIO,MORROS,2107100,Morros - MA
MA,PRESIDENTE JUSCELINO,EQTL_MA,NORTE-NOROESTE,NORTE,ROSARIO,PRESIDENTE JUSCELINO,2109205,Presidente Juscelino - MA
MA,ROSARIO,EQTL_MA,NORTE-NOROESTE,NORTE,ROSARIO,ROSARIO,2109601,Rosário - MA
MA,SANTA RITA,EQTL_MA,NORTE-NOROESTE,NORTE,ROSARIO,SANTA RITA,2110203,Santa Rita - MA
MA,PACO DO LUMIAR,EQTL_MA,NORTE-NOROESTE,NORTE,SAO LUIS,PACO DO LUMIAR,2107506,Paço do Lumiar - MA
MA,RAPOSA,EQTL_MA,NORTE-NOROESTE,NORTE,SAO LUIS,RAPOSA,2109452,Raposa - MA
MA,SAO JOSE DE RIBAMAR,EQTL_MA,NORTE-NOROESTE,NORTE,SAO LUIS,SAO JOSE DE RIBAMAR,2111201,São José de Ribamar - MA
MA,SAO LUIS,EQTL_MA,NORTE-NOROESTE,NORTE,SAO LUIS,SAO LUIS,2111300,São Luís - MA
MA,ACAILANDIA,EQTL_MA,SUL,SUL,ACAILANDIA,ACAILANDIA,2100055,Açailândia - MA
MA,BOM JESUS DAS SELVAS,EQTL_MA,SUL,SUL,ACAILANDIA,BOM JESUS DAS SELVAS,2102036,Bom Jesus das Selvas - MA
MA,BURITICUPU,EQTL_MA,SUL,SUL,ACAILANDIA,BURITICUPU,2102325,Buriticupu - MA
MA,CIDELANDIA,EQTL_MA,SUL,SUL,ACAILANDIA,CIDELANDIA,2103257,Cidelândia - MA
MA,ITINGA DO MARANHAO,EQTL_MA,SUL,SUL,ACAILANDIA,ITINGA DO MARANHAO,2105427,Itinga do Maranhão - MA
MA,SAO FRANCISCO DO BREJAO,EQTL_MA,SUL,SUL,ACAILANDIA,SAO FRANCISCO DO BREJAO,2110856,São Francisco do Brejão - MA
MA,SAO PEDRO DA AGUA BRANCA,EQTL_MA,SUL,SUL,ACAILANDIA,SAO PEDRO DA AGUA BRANCA,2111532,São Pedro da Água Branca - MA
MA,VILA NOVA DOS MARTIRIOS,EQTL_MA,SUL,SUL,ACAILANDIA,VILA NOVA DOS MARTIRIOS,2112852,Vila Nova dos Martírios - MA
MA,ALTO PARNAIBA,EQTL_MA,SUL,SUL,BALSAS,ALTO PARNAIBA,2100501,Alto Parnaíba - MA
MA,BALSAS,EQTL_MA,SUL,SUL,BALSAS,BALSAS,2101400,Balsas - MA
MA,CAROLINA,EQTL_MA,SUL,SUL,BALSAS,CAROLINA,2102804,Carolina - MA
MA,FEIRA NOVA DO MARANHAO,EQTL_MA,SUL,SUL,BALSAS,FEIRA NOVA DO MARANHAO,2104073,Feira Nova do Maranhão - MA
MA,FORTALEZA DOS NOGUEIRAS,EQTL_MA,SUL,SUL,BALSAS,FORTALEZA DOS NOGUEIRAS,2104107,Fortaleza dos Nogueiras - MA
MA,LORETO,EQTL_MA,SUL,SUL,BALSAS,LORETO,2106102,Loreto - MA
MA,NOVA COLINAS,EQTL_MA,SUL,SUL,BALSAS,NOVA COLINAS,2107258,Nova Colinas - MA
MA,RIACHAO,EQTL_MA,SUL,SUL,BALSAS,RIACHAO,2109502,Riachão - MA
MA,SAMBAIBA,EQTL_MA,SUL,SUL,BALSAS,SAMBAIBA,2109700,Sambaíba - MA
MA,SAO FELIX DE BALSAS,EQTL_MA,SUL,SUL,BALSAS,SAO FELIX DE BALSAS,2110807,São Félix de Balsas - MA
MA,SAO PEDRO DOS CRENTES,EQTL_MA,SUL,SUL,BALSAS,SAO PEDRO DOS CRENTES,2111573,São Pedro dos Crentes - MA
MA,SAO RAIMUNDO DAS MANGABEIRAS,EQTL_MA,SUL,SUL,BALSAS,SAO RAIMUNDO DAS MANGABEIRAS,2111607,São Raimundo das Mangabeiras - MA
MA,TASSO FRAGOSO,EQTL_MA,SUL,SUL,BALSAS,TASSO FRAGOSO,2112001,Tasso Fragoso - MA
MA,ARAME,EQTL_MA,SUL,SUL,GRAJAU,ARAME,2100956,Arame - MA
MA,FORMOSA DA SERRA NEGRA,EQTL_MA,SUL,SUL,GRAJAU,FORMOSA DA SERRA NEGRA,2104099,Formosa da Serra Negra - MA
MA,GRAJAU,EQTL_MA,SUL,SUL,GRAJAU,GRAJAU,2104800,Grajaú - MA
MA,ITAIPAVA DO GRAJAU,EQTL_MA,SUL,SUL,GRAJAU,ITAIPAVA DO GRAJAU,2105351,Itaipava do Grajaú - MA
MA,SITIO NOVO,EQTL_MA,SUL,SUL,GRAJAU,SITIO NOVO,2111805,Sítio Novo - MA
MA,AMARANTE DO MARANHAO,EQTL_MA,SUL,SUL,IMPERATRIZ,AMARANTE DO MARANHAO,2100600,Amarante do Maranhão - MA
MA,BURITIRANA,EQTL_MA,SUL,SUL,IMPERATRIZ,BURITIRANA,2102358,Buritirana - MA
MA,CAMPESTRE DO MARANHAO,EQTL_MA,SUL,SUL,IMPERATRIZ,CAMPESTRE DO MARANHAO,2102556,Campestre do Maranhão - MA
MA,DAVINOPOLIS,EQTL_MA,SUL,SUL,IMPERATRIZ,DAVINOPOLIS,2103752,Davinópolis - MA
MA,ESTREITO,EQTL_MA,SUL,SUL,IMPERATRIZ,ESTREITO,2104057,Estreito - MA
MA,GOVERNADOR EDISON LOBAO,EQTL_MA,SUL,SUL,IMPERATRIZ,GOVERNADOR EDISON LOBAO,2104552,Governador Edison Lobão - MA
MA,IMPERATRIZ,EQTL_MA,SUL,SUL,IMPERATRIZ,IMPERATRIZ,2105302,Imperatriz - MA
MA,JOAO LISBOA,EQTL_MA,SUL,SUL,IMPERATRIZ,JOAO LISBOA,2105500,João Lisboa - MA
MA,LAJEADO NOVO,EQTL_MA,SUL,SUL,IMPERATRIZ,LAJEADO NOVO,2105989,Lajeado Novo - MA
MA,MONTES ALTOS,EQTL_MA,SUL,SUL,IMPERATRIZ,MONTES ALTOS,2107001,Montes Altos - MA
MA,PORTO FRANCO,EQTL_MA,SUL,SUL,IMPERATRIZ,PORTO FRANCO,2109007,Porto Franco - MA
MA,RIBAMAR FIQUENE,EQTL_MA,SUL,SUL,IMPERATRIZ,RIBAMAR FIQUENE,2109551,Ribamar Fiquene - MA
MA,SAO JOAO DO PARAISO,EQTL_MA,SUL,SUL,IMPERATRIZ,SAO JOAO DO PARAISO,2111052,São João do Paraíso - MA
MA,SENADOR LA ROCQUE,EQTL_MA,SUL,SUL,IMPERATRIZ,SENADOR LA ROCQUE,2111763,Senador La Rocque - MA
PA,ALMEIRIM,EQTL_PA,CENTRO-OESTE,CENTRO,ALTAMIRA,ALMEIRIM,1500503,Almeirim - PA
PA,ALTAMIRA,EQTL_PA,CENTRO-OESTE,CENTRO,ALTAMIRA,ALTAMIRA,1500602,Altamira - PA
PA,ANAPU,EQTL_PA,CENTRO-OESTE,CENTRO,ALTAMIRA,ANAPU,1500859,Anapu - PA
PA,BRASIL NOVO,EQTL_PA,CENTRO-OESTE,CENTRO,ALTAMIRA,BRASIL NOVO,1501725,Brasil Novo - PA
PA,GURUPA,EQTL_PA,CENTRO-OESTE,CENTRO,ALTAMIRA,GURUPA,1503101,Gurupá - PA
PA,MEDICILANDIA,EQTL_PA,CENTRO-OESTE,CENTRO,ALTAMIRA,MEDICILANDIA,1504455,Medicilândia - PA
PA,PACAJA,EQTL_PA,CENTRO-OESTE,CENTRO,ALTAMIRA,PACAJA,1505486,Pacajá - PA
PA,PLACAS,EQTL_PA,CENTRO-OESTE,CENTRO,ALTAMIRA,PLACAS,1505650,Placas - PA
PA,PORTO DE MOZ,EQTL_PA,CENTRO-OESTE,CENTRO,ALTAMIRA,PORTO DE MOZ,1505908,Porto de Moz - PA
PA,SENADOR JOSÉ PORFIRIO,EQTL_PA,CENTRO-OESTE,CENTRO,ALTAMIRA,SENADOR JOSE PORFIRIO,1507805,Senador José Porfírio - PA
PA,URUARA,EQTL_PA,CENTRO-OESTE,CENTRO,ALTAMIRA,URUARA,1508159,Uruará - PA
PA,VITORIA DO XINGU,EQTL_PA,CENTRO-OESTE,CENTRO,ALTAMIRA,VITORIA DO XINGU,1508357,Vitória do Xingu - PA
PA,BAIAO,EQTL_PA,NORDESTE,NORDESTE,ABAETETUBA,BAIAO,1501204,Baião - PA
PA,BARCARENA,EQTL_PA,NORDESTE,NORDESTE,ABAETETUBA,BARCARENA,1501303,Barcarena - PA
PA,CAMETA,EQTL_PA,NORDESTE,NORDESTE,ABAETETUBA,CAMETA,1502103,Cametá - PA
PA,IGARAPÉ-MIRI,EQTL_PA,NORDESTE,NORDESTE,ABAETETUBA,IGARAPE-MIRI,1503309,Igarapé-Miri - PA
PA,LIMOEIRO DO AJURU,EQTL_PA,NORDESTE,NORDESTE,ABAETETUBA,LIMOEIRO DO AJURU,1504000,Limoeiro do Ajuru - PA
PA,MOCAJUBA,EQTL_PA,NORDESTE,NORDESTE,ABAETETUBA,MOCAJUBA,1504604,Mocajuba - PA
PA,MOJU,EQTL_PA,NORDESTE,NORDESTE,ABAETETUBA,MOJU,1504703,Moju - PA
PA,TAILANDIA,EQTL_PA,NORDESTE,NORDESTE,ABAETETUBA,TAILANDIA,1507953,Tailândia - PA
PA,AUGUSTO CORREA,EQTL_PA,NORDESTE,NORDESTE,CAPANEMA,AUGUSTO CORREA,1500909,Augusto Corrêa - PA
PA,BONITO,EQTL_PA,NORDESTE,NORDESTE,CAPANEMA,BONITO,1501600,Bonito - PA
PA,BRAGANÇA,EQTL_PA,NORDESTE,NORDESTE,CAPANEMA,BRAGANCA,1501709,Bragança - PA
PA,CACHOEIRA DO PIRIA,EQTL_PA,NORDESTE,NORDESTE,CAPANEMA,CACHOEIRA DO PIRIA,1501956,Cachoeira do Piriá - PA
PA,CAPANEMA,EQTL_PA,NORDESTE,NORDESTE,CAPANEMA,CAPANEMA,1502202,Capanema - PA
PA,CAPITAO POÇO,EQTL_PA,NORDESTE,NORDESTE,CAPANEMA,CAPITAO POCO,1502301,Capitão Poço - PA
PA,GARRAFAO DO NORTE,EQTL_PA,NORDESTE,NORDESTE,CAPANEMA,GARRAFAO DO NORTE,1503077,Garrafão do Norte - PA
PA,NOVA ESPERANÇA DO PIRIA,EQTL_PA,NORDESTE,NORDESTE,CAPANEMA,NOVA ESPERANCA DO PIRIA,1504950,Nova Esperança do Piriá - PA
PA,NOVA TIMBOTEUA,EQTL_PA,NORDESTE,NORDESTE,CAPANEMA,NOVA TIMBOTEUA,1505007,Nova Timboteua - PA
PA,OURÉM,EQTL_PA,NORDESTE,NORDESTE,CAPANEMA,OUREM,1505403,Ourém - PA
PA,PEIXE-BOI,EQTL_PA,NORDESTE,NORDESTE,CAPANEMA,PEIXE-BOI,1505601,Peixe-Boi - PA
PA,PRIMAVERA,EQTL_PA,NORDESTE,NORDESTE,CAPANEMA,PRIMAVERA,1506104,Primavera - PA
PA,QUATIPURU,EQTL_PA,NORDESTE,NORDESTE,CAPANEMA,QUATIPURU,1506112,Quatipuru - PA
PA,SALINOPOLIS,EQTL_PA,NORDESTE,NORDESTE,CAPANEMA,SALINOPOLIS,1506203,Salinópolis - PA
PA,SANTA LUZIA DO PARA,EQTL_PA,NORDESTE,NORDESTE,CAPANEMA,SANTA LUZIA DO PARA,1506559,Santa Luzia do Pará - PA
PA,SANTARÉM NOVO,EQTL_PA,NORDESTE,NORDESTE,CAPANEMA,SANTAREM NOVO,1506906,Santarém Novo - PA
PA,SAO JOAO DE PIRABAS,EQTL_PA,NORDESTE,NORDESTE,CAPANEMA,SAO JOAO DE PIRABAS,1507474,São João de Pirabas - PA
PA,TRACUATEUA,EQTL_PA,NORDESTE,NORDESTE,CAPANEMA,TRACUATEUA,1508035,Tracuateua - PA
PA,CASTANHAL,EQTL_PA,NORDESTE,NORDESTE,CASTANHAL,CASTANHAL,1502400,Castanhal - PA
PA,COLARES,EQTL_PA,NORDESTE,NORDESTE,CASTANHAL,COLARES,1502608,Colares - PA
PA,CURUÇA,EQTL_PA,NORDESTE,NORDESTE,CASTANHAL,CURUCA,1502905,Curuçá - PA
PA,IGARAPÉ-AÇU,EQTL_PA,NORDESTE,NORDESTE,CASTANHAL,IGARAPE-ACU,1503200,Igarapé-Açu - PA
PA,INHANGAPI,EQTL_PA,NORDESTE,NORDESTE,CASTANHAL,INHANGAPI,1503408,Inhangapi - PA
PA,MAGALHAES BARATA,EQTL_PA,NORDESTE,NORDESTE,CASTANHAL,MAGALHAES BARATA,1504109,Magalhães Barata - PA
PA,MARACANA,EQTL_PA,NORDESTE,NORDESTE,CASTANHAL,MARACANA,1504307,Maracanã - PA
PA,MARAPANIM,EQTL_PA,NORDESTE,NORDESTE,CASTANHAL,MARAPANIM,1504406,Marapanim - PA
PA,SANTA MARIA DO PARA,EQTL_PA,NORDESTE,NORDESTE,CASTANHAL,SANTA MARIA DO PARA,1506609,Santa Maria do Pará - PA
PA,SANTO ANTONIO DO TAUA,EQTL_PA,NORDESTE,NORDESTE,CASTANHAL,SANTO ANTONIO DO TAUA,1507003,Santo Antônio do Tauá - PA
PA,SAO CAETANO DE ODIVELAS,EQTL_PA,NORDESTE,NORDESTE,CASTANHAL,SAO CAETANO DE ODIVELAS,1507102,São Caetano de Odivelas - PA
PA,SAO FRANCISCO DO PARA,EQTL_PA,NORDESTE,NORDESTE,CASTANHAL,SAO FRANCISCO DO PARA,1507409,São Francisco do Pará - PA
PA,SAO JOAO DA PONTA,EQTL_PA,NORDESTE,NORDESTE,CASTANHAL,SAO JOAO DA PONTA,1507466,São João da Ponta - PA
PA,TERRA ALTA,EQTL_PA,NORDESTE,NORDESTE,CASTANHAL,TERRA ALTA,1507961,Terra Alta - PA
PA,IPIXUNA DO PARA,EQTL_PA,NORDESTE,NORDESTE,PARAGOMINAS,IPIXUNA DO PARA,1503457,Ipixuna do Pará - PA
PA,PARAGOMINAS,EQTL_PA,NORDESTE,NORDESTE,PARAGOMINAS,PARAGOMINAS,1505502,Paragominas - PA
PA,AURORA DO PARA,EQTL_PA,NORDESTE,NORDESTE,TOME ACU,AURORA DO PARA,1500958,Aurora do Pará - PA
PA,BUJARU,EQTL_PA,NORDESTE,NORDESTE,TOME ACU,BUJARU,1501907,Bujaru - PA
PA,CONCORDIA DO PARA,EQTL_PA,NORDESTE,NORDESTE,TOME ACU,CONCORDIA DO PARA,1502756,Concórdia do Pará - PA
PA,IRITUIA,EQTL_PA,NORDESTE,NORDESTE,TOME ACU,IRITUIA,1503507,Irituia - PA
PA,MAE DO RIO,EQTL_PA,NORDESTE,NORDESTE,TOME ACU,MAE DO RIO,1504059,Mãe do Rio - PA
PA,SAO DOMINGOS DO CAPIM,EQTL_PA,NORDESTE,NORDESTE,TOME ACU,SAO DOMINGOS DO CAPIM,1507201,São Domingos do Capim - PA
PA,SAO MIGUEL DO GUAMA,EQTL_PA,NORDESTE,NORDESTE,TOME ACU,SAO MIGUEL DO GUAMA,1507607,São Miguel do Guamá - PA
PA,TOMÉ-AÇU,EQTL_PA,NORDESTE,NORDESTE,TOME ACU,TOME-ACU,1508001,Tomé-Açu - PA
PA,ANANINDEUA,EQTL_PA,NORTE,NORTE,BELEM,ANANINDEUA,1500800,Ananindeua - PA
PA,BELÉM,EQTL_PA,NORTE,NORTE,BELEM,BELEM,1501402,Belém - PA
PA,BENEVIDES,EQTL_PA,NORTE,NORTE,BELEM,BENEVIDES,1501501,Benevides - PA
PA,MARITUBA,EQTL_PA,NORTE,NORTE,BELEM,MARITUBA,1504422,Marituba - PA
PA,SANTA BARBARA DO PARA,EQTL_PA,NORTE,NORTE,BELEM,SANTA BARBARA DO PARA,1506351,Santa Bárbara do Pará - PA
PA,SANTA IZABEL DO PARA,EQTL_PA,NORTE,NORTE,BELEM,SANTA IZABEL DO PARA,1506500,Santa Izabel do Pará - PA
PA,ANAJAS,EQTL_PA,NORTE,NORTE,BREVES,ANAJAS,1500701,Anajás - PA
PA,BAGRE,EQTL_PA,NORTE,NORTE,BREVES,BAGRE,1501105,Bagre - PA
PA,BREVES,EQTL_PA,NORTE,NORTE,BREVES,BREVES,1501808,Breves - PA
PA,CHAVES,EQTL_PA,NORTE,NORTE,BREVES,CHAVES,1502509,Chaves - PA
PA,CURRALINHO,EQTL_PA,NORTE,NORTE,BREVES,CURRALINHO,1502806,Curralinho - PA
PA,MELGAÇO,EQTL_PA,NORTE,NORTE,BREVES,MELGACO,1504505,Melgaço - PA
PA,MUANA,EQTL_PA,NORTE,NORTE,BREVES,MUANA,1504901,Muaná - PA
PA,OEIRAS DO PARA,EQTL_PA,NORTE,NORTE,BREVES,OEIRAS DO PARA,1505205,Oeiras do Pará - PA
PA,PONTA DE PEDRAS,EQTL_PA,NORTE,NORTE,BREVES,PONTA DE PEDRAS,1505700,Ponta de Pedras - PA
PA,PORTEL,EQTL_PA,NORTE,NORTE,BREVES,PORTEL,1505809,Portel - PA
PA,SAO SEBASTIAO DA BOA VISTA,EQTL_PA,NORTE,NORTE,BREVES,SAO SEBASTIAO DA BOA VISTA,1507706,São Sebastião da Boa Vista - PA
PA,CACHOEIRA DO ARARI,EQTL_PA,NORTE,NORTE,SOURE,CACHOEIRA DO ARARI,1502004,Cachoeira do Arari - PA
PA,SALVATERRA,EQTL_PA,NORTE,NORTE,SOURE,SALVATERRA,1506302,Salvaterra - PA
PA,SANTA CRUZ DO ARARI,EQTL_PA,NORTE,NORTE,SOURE,SANTA CRUZ DO ARARI,1506401,Santa Cruz do Arari - PA
PA,SOURE,EQTL_PA,NORTE,NORTE,SOURE,SOURE,1507904,Soure - PA
PA,ALENQUER,EQTL_PA,CENTRO-OESTE,OESTE,ALENQUER,ALENQUER,1500404,Alenquer - PA
PA,CURUA,EQTL_PA,CENTRO-OESTE,OESTE,ALENQUER,CURUA,1502855,Curuá - PA
PA,FARO,EQTL_PA,CENTRO-OESTE,OESTE,ALENQUER,FARO,1503002,Faro - PA
PA,JURUTI,EQTL_PA,CENTRO-OESTE,OESTE,ALENQUER,JURUTI,1503903,Juruti - PA
PA,MONTE ALEGRE,EQTL_PA,CENTRO-OESTE,OESTE,ALENQUER,MONTE ALEGRE,1504802,Monte Alegre - PA
PA,OBIDOS,EQTL_PA,CENTRO-OESTE,OESTE,ALENQUER,OBIDOS,1505106,Óbidos - PA
PA,ORIXIMINA,EQTL_PA,CENTRO-OESTE,OESTE,ALENQUER,ORIXIMINA,1505304,Oriximiná - PA
PA,PRAINHA,EQTL_PA,CENTRO-OESTE,OESTE,ALENQUER,PRAINHA,1506005,Prainha - PA
PA,TERRA SANTA,EQTL_PA,CENTRO-OESTE,OESTE,ALENQUER,TERRA SANTA,1507979,Terra Santa - PA
PA,AVEIRO,EQTL_PA,CENTRO-OESTE,OESTE,ITAITUBA,AVEIRO,1501006,Aveiro - PA
PA,ITAITUBA,EQTL_PA,CENTRO-OESTE,OESTE,ITAITUBA,ITAITUBA,1503606,Itaituba - PA
PA,JACAREACANGA,EQTL_PA,CENTRO-OESTE,OESTE,ITAITUBA,JACAREACANGA,1503754,Jacareacanga - PA
PA,NOVO PROGRESSO,EQTL_PA,CENTRO-OESTE,OESTE,ITAITUBA,NOVO PROGRESSO,1505031,Novo Progresso - PA
PA,RUROPOLIS,EQTL_PA,CENTRO-OESTE,OESTE,ITAITUBA,RUROPOLIS,1506195,Rurópolis - PA
PA,TRAIRAO,EQTL_PA,CENTRO-OESTE,OESTE,ITAITUBA,TRAIRAO,1508050,Trairão - PA
PA,BELTERRA,EQTL_PA,CENTRO-OESTE,OESTE,SANTAREM,BELTERRA,1501451,Belterra - PA
PA,MOJUI DOS CAMPOS,EQTL_PA,CENTRO-OESTE,OESTE,SANTAREM,MOJUI DOS CAMPOS,1504752,Mojuí dos Campos - PA
PA,SANTARÉM,EQTL_PA,CENTRO-OESTE,OESTE,SANTAREM,SANTAREM,1506807,Santarém - PA
PA,CANAA DOS CARAJAS,EQTL_PA,SUL,SUL,CANAA DOS CARAJAS,CANAA DOS CARAJAS,1502152,Canaã dos Carajás - PA
PA,OURILANDIA DO NORTE,EQTL_PA,SUL,SUL,CANAA DOS CARAJAS,OURILANDIA DO NORTE,1505437,Ourilândia do Norte - PA
PA,SAO FÉLIX DO XINGU,EQTL_PA,SUL,SUL,CANAA DOS CARAJAS,SAO FELIX DO XINGU,1507300,São Félix do Xingu - PA
PA,SAPUCAIA,EQTL_PA,SUL,SUL,CANAA DOS CARAJAS,SAPUCAIA,1507755,Sapucaia - PA
PA,BOM JESUS DO TOCANTINS,EQTL_PA,SUL,SUL,MARABA,BOM JESUS DO TOCANTINS,1501576,Bom Jesus do Tocantins - PA
PA,BREJO GRANDE DO ARAGUAIA,EQTL_PA,SUL,SUL,MARABA,BREJO GRANDE DO ARAGUAIA,1501758,Brejo Grande do Araguaia - PA
PA,DOM ELISEU,EQTL_PA,SUL,SUL,MARABA,DOM ELISEU,1502939,Dom Eliseu - PA
PA,ITUPIRANGA,EQTL_PA,SUL,SUL,MARABA,ITUPIRANGA,1503705,Itupiranga - PA
PA,JACUNDA,EQTL_PA,SUL,SUL,MARABA,JACUNDA,1503804,Jacundá - PA
PA,MARABA,EQTL_PA,SUL,SUL,MARABA,MARABA,1504208,Marabá - PA
PA,NOVA IPIXUNA,EQTL_PA,SUL,SUL,MARABA,NOVA IPIXUNA,1504976,Nova Ipixuna - PA
PA,PALESTINA DO PARA,EQTL_PA,SUL,SUL,MARABA,PALESTINA DO PARA,1505494,Palestina do Pará - PA
PA,RONDON DO PARA,EQTL_PA,SUL,SUL,MARABA,RONDON DO PARA,1506187,Rondon do Pará - PA
PA,SAO DOMINGOS DO ARAGUAIA,EQTL_PA,SUL,SUL,MARABA,SAO DOMINGOS DO ARAGUAIA,1507151,São Domingos do Araguaia - PA
PA,SAO JOAO DO ARAGUAIA,EQTL_PA,SUL,SUL,MARABA,SAO JOAO DO ARAGUAIA,1507508,São João do Araguaia - PA
PA,CURIONOPOLIS,EQTL_PA,SUL,SUL,PARAUAPEBAS,CURIONOPOLIS,1502772,Curionópolis - PA
PA,ELDORADO DO CARAJAS,EQTL_PA,SUL,SUL,PARAUAPEBAS,ELDORADO DO CARAJAS,1502954,Eldorado do Carajás - PA
PA,PARAUAPEBAS,EQTL_PA,SUL,SUL,PARAUAPEBAS,PARAUAPEBAS,1505536,Parauapebas - PA
PA,PIÇARRA,EQTL_PA,SUL,SUL,PARAUAPEBAS,PICARRA,1505635,Piçarra - PA
PA,SAO GERALDO DO ARAGUAIA,EQTL_PA,SUL,SUL,PARAUAPEBAS,SAO GERALDO DO ARAGUAIA,1507458,São Geraldo do Araguaia - PA
PA,BANNACH,EQTL_PA,SUL,SUL,REDENCAO,BANNACH,1501253,Bannach - PA
PA,CONCEIÇAO DO ARAGUAIA,EQTL_PA,SUL,SUL,REDENCAO,CONCEICAO DO ARAGUAIA,1502707,Conceição do Araguaia - PA
PA,CUMARU DO NORTE,EQTL_PA,SUL,SUL,REDENCAO,CUMARU DO NORTE,1502764,Cumaru do Norte - PA
PA,FLORESTA DO ARAGUAIA,EQTL_PA,SUL,SUL,REDENCAO,FLORESTA DO ARAGUAIA,1503044,Floresta do Araguaia - PA
PA,PAU D'ARCO,EQTL_PA,SUL,SUL,REDENCAO,PAU D'ARCO,1505551,Pau D'Arco - PA
PA,REDENÇAO,EQTL_PA,SUL,SUL,REDENCAO,REDENCAO,1506138,Redenção - PA
PA,RIO MARIA,EQTL_PA,SUL,SUL,REDENCAO,RIO MARIA,1506161,Rio Maria - PA
PA,SANTA MARIA DAS BARREIRAS,EQTL_PA,SUL,SUL,REDENCAO,SANTA MARIA DAS BARREIRAS,1506583,Santa Maria das Barreiras - PA
PA,SANTANA DO ARAGUAIA,EQTL_PA,SUL,SUL,REDENCAO,SANTANA DO ARAGUAIA,1506708,Santana do Araguaia - PA
PA,BREU BRANCO,EQTL_PA,SUL,SUL,TUCURUI,BREU BRANCO,1501782,Breu Branco - PA
PA,GOIANÉSIA DO PARA,EQTL_PA,SUL,SUL,TUCURUI,GOIANESIA DO PARA,1503093,Goianésia do Pará - PA
PA,NOVO REPARTIMENTO,EQTL_PA,SUL,SUL,TUCURUI,NOVO REPARTIMENTO,1505064,Novo Repartimento - PA
PA,ABAETETUBA,EQTL_PA,NORDESTE,NORDESTE,ABAETETUBA,ABAETETUBA,1500107,Abaetetuba - PA
PA,VISEU,EQTL_PA,NORDESTE,NORDESTE,CAPANEMA,VISEU,1508308,Viseu - PA
PA,VIGIA,EQTL_PA,NORDESTE,NORDESTE,CASTANHAL,VIGIA,1508209,Vigia - PA
PA,ULIANOPOLIS,EQTL_PA,NORDESTE,NORDESTE,PARAGOMINAS,ULIANOPOLIS,1508126,Ulianópolis - PA
PA,ACARA,EQTL_PA,NORDESTE,NORDESTE,TOME ACU,ACARA,1500206,Acará - PA
PA,AFUA,EQTL_PA,NORTE,NORTE,BREVES,AFUA,1500305,Afuá - PA
PA,AGUA AZUL DO NORTE,EQTL_PA,SUL,SUL,CANAA DOS CARAJAS,AGUA AZUL DO NORTE,1500347,Água Azul do Norte - PA
PA,TUCUMA,EQTL_PA,SUL,SUL,CANAA DOS CARAJAS,TUCUMA,1508084,Tucumã - PA
PA,XINGUARA,EQTL_PA,SUL,SUL,CANAA DOS CARAJAS,XINGUARA,1508407,Xinguara - PA
PA,ABEL FIGUEIREDO,EQTL_PA,SUL,SUL,MARABA,ABEL FIGUEIREDO,1500131,Abel Figueiredo - PA
PA,TUCURUI,EQTL_PA,SUL,SUL,TUCURUI,TUCURUI,1508100,Tucuruí - PA
PI,Alto Longá,EQTL_PI,NORTE,METROPOLITANA,CAMPO MAIOR,ALTO LONGA,2200301,Alto Longá - PI
PI,Altos,EQTL_PI,NORTE,METROPOLITANA,CAMPO MAIOR,ALTOS,2200400,Altos - PI
PI,Assunção do Piauí,EQTL_PI,NORTE,METROPOLITANA,CAMPO MAIOR,ASSUNCAO DO PIAUI,2201051,Assunção do Piauí - PI
PI,Beneditinos,EQTL_PI,NORTE,METROPOLITANA,CAMPO MAIOR,BENEDITINOS,2201606,Beneditinos - PI
PI,Boqueirão do Piauí,EQTL_PI,NORTE,METROPOLITANA,CAMPO MAIOR,BOQUEIRAO DO PIAUI,2201945,Boqueirão do Piauí - PI
PI,Buriti dos Montes,EQTL_PI,NORTE,METROPOLITANA,CAMPO MAIOR,BURITI DOS MONTES,2202026,Buriti dos Montes - PI
PI,Campo Maior,EQTL_PI,NORTE,METROPOLITANA,CAMPO MAIOR,CAMPO MAIOR,2202208,Campo Maior - PI
PI,Castelo do Piauí,EQTL_PI,NORTE,METROPOLITANA,CAMPO MAIOR,CASTELO DO PIAUI,2202604,Castelo do Piauí - PI
PI,Coivaras,EQTL_PI,NORTE,METROPOLITANA,CAMPO MAIOR,COIVARAS,2202737,Coivaras - PI
PI,Jatobá do Piauí,EQTL_PI,NORTE,METROPOLITANA,CAMPO MAIOR,JATOBA DO PIAUI,2205276,Jatobá do Piauí - PI
PI,Juazeiro do Piauí,EQTL_PI,NORTE,METROPOLITANA,CAMPO MAIOR,JUAZEIRO DO PIAUI,2205516,Juazeiro do Piauí - PI
PI,Nossa Senhora de Nazaré,EQTL_PI,NORTE,METROPOLITANA,CAMPO MAIOR,NOSSA SENHORA DE NAZARE,2206753,Nossa Senhora de Nazaré - PI
PI,Novo Santo Antônio,EQTL_PI,NORTE,METROPOLITANA,CAMPO MAIOR,NOVO SANTO ANTONIO,2206951,Novo Santo Antônio - PI
PI,Pau D'Arco do Piauí,EQTL_PI,NORTE,METROPOLITANA,CAMPO MAIOR,PAU D'ARCO DO PIAUI,2207793,Pau D'Arco do Piauí - PI
PI,Prata do Piauí,EQTL_PI,NORTE,METROPOLITANA,CAMPO MAIOR,PRATA DO PIAUI,2208601,Prata do Piauí - PI
PI,São João da Serra,EQTL_PI,NORTE,METROPOLITANA,CAMPO MAIOR,SAO JOAO DA SERRA,2209906,São João da Serra - PI
PI,São Miguel do Tapuio,EQTL_PI,NORTE,METROPOLITANA,CAMPO MAIOR,SAO MIGUEL DO TAPUIO,2210409,São Miguel do Tapuio - PI
PI,Sigefredo Pacheco,EQTL_PI,NORTE,METROPOLITANA,CAMPO MAIOR,SIGEFREDO PACHECO,2210656,Sigefredo Pacheco - PI
PI,Agricolândia,EQTL_PI,NORTE,METROPOLITANA,SÃO PEDRO,AGRICOLANDIA,2200103,Agricolândia - PI
PI,Água Branca,EQTL_PI,NORTE,METROPOLITANA,SÃO PEDRO,AGUA BRANCA,2200202,Água Branca - PI
PI,Amarante,EQTL_PI,NORTE,METROPOLITANA,SÃO PEDRO,AMARANTE,2200509,Amarante - PI
PI,Angical do Piauí,EQTL_PI,NORTE,METROPOLITANA,SÃO PEDRO,ANGICAL DO PIAUI,2200608,Angical do Piauí - PI
PI,Barro Duro,EQTL_PI,NORTE,METROPOLITANA,SÃO PEDRO,BARRO DURO,2201408,Barro Duro - PI
PI,Curralinhos,EQTL_PI,NORTE,METROPOLITANA,SÃO PEDRO,CURRALINHOS,2203255,Curralinhos - PI
PI,Demerval Lobão,EQTL_PI,NORTE,METROPOLITANA,SÃO PEDRO,DEMERVAL LOBAO,2203305,Demerval Lobão - PI
PI,Hugo Napoleão,EQTL_PI,NORTE,METROPOLITANA,SÃO PEDRO,HUGO NAPOLEAO,2204600,Hugo Napoleão - PI
PI,Jardim do Mulato,EQTL_PI,NORTE,METROPOLITANA,SÃO PEDRO,JARDIM DO MULATO,2205250,Jardim do Mulato - PI
PI,Lagoa do Piauí,EQTL_PI,NORTE,METROPOLITANA,SÃO PEDRO,LAGOA DO PIAUI,2205581,Lagoa do Piauí - PI
PI,Lagoinha do Piauí,EQTL_PI,NORTE,METROPOLITANA,SÃO PEDRO,LAGOINHA DO PIAUI,2205540,Lagoinha do Piauí - PI
PI,Miguel Leão,EQTL_PI,NORTE,METROPOLITANA,SÃO PEDRO,MIGUEL LEAO,2206308,Miguel Leão - PI
PI,Monsenhor Gil,EQTL_PI,NORTE,METROPOLITANA,SÃO PEDRO,MONSENHOR GIL,2206407,Monsenhor Gil - PI
PI,Olho D'Água do Piauí,EQTL_PI,NORTE,METROPOLITANA,SÃO PEDRO,OLHO D'AGUA DO PIAUI,2207108,Olho D'Água do Piauí - PI
PI,Palmeirais,EQTL_PI,NORTE,METROPOLITANA,SÃO PEDRO,PALMEIRAIS,2207504,Palmeirais - PI
PI,Passagem Franca do Piauí,EQTL_PI,NORTE,METROPOLITANA,SÃO PEDRO,PASSAGEM FRANCA DO PIAUI,2207751,Passagem Franca do Piauí - PI
PI,Regeneração,EQTL_PI,NORTE,METROPOLITANA,SÃO PEDRO,REGENERACAO,2208809,Regeneração - PI
PI,Santo Antônio dos Milagres,EQTL_PI,NORTE,METROPOLITANA,SÃO PEDRO,SANTO ANTONIO DOS MILAGRES,2209450,Santo Antônio dos Milagres - PI
PI,São Gonçalo do Piauí,EQTL_PI,NORTE,METROPOLITANA,SÃO PEDRO,SAO GONCALO DO PIAUI,2209807,São Gonçalo do Piauí - PI
PI,São Pedro do Piauí,EQTL_PI,NORTE,METROPOLITANA,SÃO PEDRO,SAO PEDRO DO PIAUI,2210508,São Pedro do Piauí - PI
PI,Nazária,EQTL_PI,NORTE,METROPOLITANA,TERESINA,NAZARIA,2206720,Nazária - PI
PI,Teresina,EQTL_PI,NORTE,METROPOLITANA,TERESINA,TERESINA,2211001,Teresina - PI
PI,Barras,EQTL_PI,NORTE,METROPOLITANA,UNIAO,BARRAS,2201200,Barras - PI
PI,Boa Hora,EQTL_PI,NORTE,METROPOLITANA,UNIAO,BOA HORA,2201770,Boa Hora - PI
PI,Cabeceiras do Piauí,EQTL_PI,NORTE,METROPOLITANA,UNIAO,CABECEIRAS DO PIAUI,2202059,Cabeceiras do Piauí - PI
PI,José de Freitas,EQTL_PI,NORTE,METROPOLITANA,UNIAO,JOSE DE FREITAS,2205508,José de Freitas - PI
PI,Lagoa Alegre,EQTL_PI,NORTE,METROPOLITANA,UNIAO,LAGOA ALEGRE,2205557,Lagoa Alegre - PI
PI,Miguel Alves,EQTL_PI,NORTE,METROPOLITANA,UNIAO,MIGUEL ALVES,2206209,Miguel Alves - PI
PI,União,EQTL_PI,NORTE,METROPOLITANA,UNIAO,UNIAO,2211100,União - PI
PI,Bom Princípio do Piauí,EQTL_PI,NORTE,PARNAÍBA,PARNAIBA,BOM PRINCIPIO DO PIAUI,2201919,Bom Princípio do Piauí - PI
PI,Buriti dos Lopes,EQTL_PI,NORTE,PARNAÍBA,PARNAIBA,BURITI DOS LOPES,2202000,Buriti dos Lopes - PI
PI,Cajueiro da Praia,EQTL_PI,NORTE,PARNAÍBA,PARNAIBA,CAJUEIRO DA PRAIA,2202083,Cajueiro da Praia - PI
PI,Campo Largo do Piauí,EQTL_PI,NORTE,PARNAÍBA,PARNAIBA,CAMPO LARGO DO PIAUI,2202174,Campo Largo do Piauí - PI
PI,Caraúbas do Piauí,EQTL_PI,NORTE,PARNAÍBA,PARNAIBA,CARAUBAS DO PIAUI,2202539,Caraúbas do Piauí - PI
PI,Caxingó,EQTL_PI,NORTE,PARNAÍBA,PARNAIBA,CAXINGO,2202653,Caxingó - PI
PI,Cocal,EQTL_PI,NORTE,PARNAÍBA,PARNAIBA,COCAL,2202703,Cocal - PI
PI,Cocal dos Alves,EQTL_PI,NORTE,PARNAÍBA,PARNAIBA,COCAL DOS ALVES,2202729,Cocal dos Alves - PI
PI,Ilha Grande,EQTL_PI,NORTE,PARNAÍBA,PARNAIBA,ILHA GRANDE,2204659,Ilha Grande - PI
PI,Joaquim Pires,EQTL_PI,NORTE,PARNAÍBA,PARNAIBA,JOAQUIM PIRES,2205409,Joaquim Pires - PI
PI,Joca Marques,EQTL_PI,NORTE,PARNAÍBA,PARNAIBA,JOCA MARQUES,2205458,Joca Marques - PI
PI,Luís Correia,EQTL_PI,NORTE,PARNAÍBA,PARNAIBA,LUIS CORREIA,2205706,Luís Correia - PI
PI,Luzilândia,EQTL_PI,NORTE,PARNAÍBA,PARNAIBA,LUZILANDIA,2205805,Luzilândia - PI
PI,Madeiro,EQTL_PI,NORTE,PARNAÍBA,PARNAIBA,MADEIRO,2205854,Madeiro - PI
PI,Matias Olímpio,EQTL_PI,NORTE,PARNAÍBA,PARNAIBA,MATIAS OLIMPIO,2206100,Matias Olímpio - PI
PI,Murici dos Portelas,EQTL_PI,NORTE,PARNAÍBA,PARNAIBA,MURICI DOS PORTELAS,2206696,Murici dos Portelas - PI
PI,Nossa Senhora dos Remédios,EQTL_PI,NORTE,PARNAÍBA,PARNAIBA,NOSSA SENHORA DOS REMEDIOS,2206803,Nossa Senhora dos Remédios - PI
PI,Parnaíba,EQTL_PI,NORTE,PARNAÍBA,PARNAIBA,PARNAIBA,2207702,Parnaíba - PI
PI,Porto,EQTL_PI,NORTE,PARNAÍBA,PARNAIBA,PORTO,2208502,Porto - PI
PI,São João do Arraial,EQTL_PI,NORTE,PARNAÍBA,PARNAIBA,SAO JOAO DO ARRAIAL,2209971,São João do Arraial - PI
PI,Batalha,EQTL_PI,NORTE,PARNAÍBA,PIRIPIRI,BATALHA,2201507,Batalha - PI
PI,Brasileira,EQTL_PI,NORTE,PARNAÍBA,PIRIPIRI,BRASILEIRA,2201960,Brasileira - PI
PI,Capitão de Campos,EQTL_PI,NORTE,PARNAÍBA,PIRIPIRI,CAPITAO DE CAMPOS,2202406,Capitão de Campos - PI
PI,Cocal de Telha,EQTL_PI,NORTE,PARNAÍBA,PIRIPIRI,COCAL DE TELHA,2202711,Cocal de Telha - PI
PI,Domingos Mourão,EQTL_PI,NORTE,PARNAÍBA,PIRIPIRI,DOMINGOS MOURAO,2203420,Domingos Mourão - PI
PI,Esperantina,EQTL_PI,NORTE,PARNAÍBA,PIRIPIRI,ESPERANTINA,2203701,Esperantina - PI
PI,Lagoa de São Francisco,EQTL_PI,NORTE,PARNAÍBA,PIRIPIRI,LAGOA DE SAO FRANCISCO,2205573,Lagoa de São Francisco - PI
PI,Milton Brandão,EQTL_PI,NORTE,PARNAÍBA,PIRIPIRI,MILTON BRANDAO,2206357,Milton Brandão - PI
PI,Morro do Chapéu do Piauí,EQTL_PI,NORTE,PARNAÍBA,PIRIPIRI,MORRO DO CHAPEU DO PIAUI,2206670,Morro do Chapéu do Piauí - PI
PI,Pedro II,EQTL_PI,NORTE,PARNAÍBA,PIRIPIRI,PEDRO II,2207900,Pedro II - PI
PI,Piracuruca,EQTL_PI,NORTE,PARNAÍBA,PIRIPIRI,PIRACURUCA,2208304,Piracuruca - PI
PI,Piripiri,EQTL_PI,NORTE,PARNAÍBA,PIRIPIRI,PIRIPIRI,2208403,Piripiri - PI
PI,São João da Fronteira,EQTL_PI,NORTE,PARNAÍBA,PIRIPIRI,SAO JOAO DA FRONTEIRA,2209872,São João da Fronteira - PI
PI,São José do Divino,EQTL_PI,NORTE,PARNAÍBA,PIRIPIRI,SAO JOSE DO DIVINO,2210052,São José do Divino - PI
PI,Alvorada do Gurguéia,EQTL_PI,SUL,FLORIANO,BOM JESUS,ALVORADA DO GURGUEIA,2200459,Alvorada do Gurguéia - PI
PI,Avelino Lopes,EQTL_PI,SUL,FLORIANO,BOM JESUS,AVELINO LOPES,2201101,Avelino Lopes - PI
PI,Barreiras do Piauí,EQTL_PI,SUL,FLORIANO,BOM JESUS,BARREIRAS DO PIAUI,2201309,Barreiras do Piauí - PI
PI,Bom Jesus,EQTL_PI,SUL,FLORIANO,BOM JESUS,BOM JESUS,2201903,Bom Jesus - PI
PI,Colônia do Gurguéia,EQTL_PI,SUL,FLORIANO,BOM JESUS,COLONIA DO GURGUEIA,2202752,Colônia do Gurguéia - PI
PI,Corrente,EQTL_PI,SUL,FLORIANO,BOM JESUS,CORRENTE,2202901,Corrente - PI
PI,Cristalândia do Piauí,EQTL_PI,SUL,FLORIANO,BOM JESUS,CRISTALANDIA DO PIAUI,2203008,Cristalândia do Piauí - PI
PI,Cristino Castro,EQTL_PI,SUL,FLORIANO,BOM JESUS,CRISTINO CASTRO,2203107,Cristino Castro - PI
PI,Curimatá,EQTL_PI,SUL,FLORIANO,BOM JESUS,CURIMATA,2203206,Curimatá - PI
PI,Currais,EQTL_PI,SUL,FLORIANO,BOM JESUS,CURRAIS,2203230,Currais - PI
PI,Eliseu Martins,EQTL_PI,SUL,FLORIANO,BOM JESUS,ELISEU MARTINS,2203602,Eliseu Martins - PI
PI,Gilbués,EQTL_PI,SUL,FLORIANO,BOM JESUS,GILBUES,2204402,Gilbués - PI
PI,Júlio Borges,EQTL_PI,SUL,FLORIANO,BOM JESUS,JULIO BORGES,2205524,Júlio Borges - PI
PI,Manoel Emídio,EQTL_PI,SUL,FLORIANO,BOM JESUS,MANOEL EMIDIO,2205904,Manoel Emídio - PI
PI,Monte Alegre do Piauí,EQTL_PI,SUL,FLORIANO,BOM JESUS,MONTE ALEGRE DO PIAUI,2206605,Monte Alegre do Piauí - PI
PI,Morro Cabeça no Tempo,EQTL_PI,SUL,FLORIANO,BOM JESUS,MORRO CABECA NO TEMPO,2206654,Morro Cabeça no Tempo - PI
PI,Palmeira do Piauí,EQTL_PI,SUL,FLORIANO,BOM JESUS,PALMEIRA DO PIAUI,2207405,Palmeira do Piauí - PI
PI,Parnaguá,EQTL_PI,SUL,FLORIANO,BOM JESUS,PARNAGUA,2207603,Parnaguá - PI
PI,Redenção do Gurguéia,EQTL_PI,SUL,FLORIANO,BOM JESUS,REDENCAO DO GURGUEIA,2208700,Redenção do Gurguéia - PI
PI,Riacho Frio,EQTL_PI,SUL,FLORIANO,BOM JESUS,RIACHO FRIO,2208858,Riacho Frio - PI
PI,Santa Luz,EQTL_PI,SUL,FLORIANO,BOM JESUS,SANTA LUZ,2209302,Santa Luz - PI
PI,São Gonçalo do Gurguéia,EQTL_PI,SUL,FLORIANO,BOM JESUS,SAO GONCALO DO GURGUEIA,2209757,São Gonçalo do Gurguéia - PI
PI,Sebastião Barros,EQTL_PI,SUL,FLORIANO,BOM JESUS,SEBASTIAO BARROS,2210623,Sebastião Barros - PI
PI,Antônio Almeida,EQTL_PI,SUL,FLORIANO,FLORIANO,ANTONIO ALMEIDA,2200806,Antônio Almeida - PI
PI,Arraial,EQTL_PI,SUL,FLORIANO,FLORIANO,ARRAIAL,2201002,Arraial - PI
PI,Baixa Grande do Ribeiro,EQTL_PI,SUL,FLORIANO,FLORIANO,BAIXA GRANDE DO RIBEIRO,2201150,Baixa Grande do Ribeiro - PI
PI,Bertolínia,EQTL_PI,SUL,FLORIANO,FLORIANO,BERTOLINIA,2201705,Bertolínia - PI
PI,Canavieira,EQTL_PI,SUL,FLORIANO,FLORIANO,CANAVIEIRA,2202251,Canavieira - PI
PI,Flores do Piauí,EQTL_PI,SUL,FLORIANO,FLORIANO,FLORES DO PIAUI,2203800,Flores do Piauí - PI
PI,Floriano,EQTL_PI,SUL,FLORIANO,FLORIANO,FLORIANO,2203909,Floriano - PI
PI,Francisco Ayres,EQTL_PI,SUL,FLORIANO,FLORIANO,FRANCISCO AYRES,2204105,Francisco Ayres - PI
PI,Guadalupe,EQTL_PI,SUL,FLORIANO,FLORIANO,GUADALUPE,2204501,Guadalupe - PI
PI,Itaueira,EQTL_PI,SUL,FLORIANO,FLORIANO,ITAUEIRA,2205102,Itaueira - PI
PI,Jerumenha,EQTL_PI,SUL,FLORIANO,FLORIANO,JERUMENHA,2205300,Jerumenha - PI
PI,Landri Sales,EQTL_PI,SUL,FLORIANO,FLORIANO,LANDRI SALES,2205607,Landri Sales - PI
PI,Marcos Parente,EQTL_PI,SUL,FLORIANO,FLORIANO,MARCOS PARENTE,2206001,Marcos Parente - PI
PI,Nazaré do Piauí,EQTL_PI,SUL,FLORIANO,FLORIANO,NAZARE DO PIAUI,2206704,Nazaré do Piauí - PI
PI,Pavussu,EQTL_PI,SUL,FLORIANO,FLORIANO,PAVUSSU,2207850,Pavussu - PI
PI,Porto Alegre do Piauí,EQTL_PI,SUL,FLORIANO,FLORIANO,PORTO ALEGRE DO PIAUI,2208551,Porto Alegre do Piauí - PI
PI,Ribeira do Piauí,EQTL_PI,SUL,FLORIANO,FLORIANO,RIBEIRA DO PIAUI,2208874,Ribeira do Piauí - PI
PI,Ribeiro Gonçalves,EQTL_PI,SUL,FLORIANO,FLORIANO,RIBEIRO GONCALVES,2208908,Ribeiro Gonçalves - PI
PI,Rio Grande do Piauí,EQTL_PI,SUL,FLORIANO,FLORIANO,RIO GRANDE DO PIAUI,2209005,Rio Grande do Piauí - PI
PI,Santa Filomena,EQTL_PI,SUL,FLORIANO,FLORIANO,SANTA FILOMENA,2209203,Santa Filomena - PI
PI,São Francisco do Piauí,EQTL_PI,SUL,FLORIANO,FLORIANO,SAO FRANCISCO DO PIAUI,2209708,São Francisco do Piauí - PI
PI,São José do Peixe,EQTL_PI,SUL,FLORIANO,FLORIANO,SAO JOSE DO PEIXE,2210102,São José do Peixe - PI
PI,Sebastião Leal,EQTL_PI,SUL,FLORIANO,FLORIANO,SEBASTIAO LEAL,2210631,Sebastião Leal - PI
PI,Uruçuí,EQTL_PI,SUL,FLORIANO,FLORIANO,URUCUI,2211209,Uruçuí - PI
PI,Anísio de Abreu,EQTL_PI,SUL,FLORIANO,SAO RAIMUNDO NONATO,ANISIO DE ABREU,2200707,Anísio de Abreu - PI
PI,Bonfim do Piauí,EQTL_PI,SUL,FLORIANO,SAO RAIMUNDO NONATO,BONFIM DO PIAUI,2201929,Bonfim do Piauí - PI
PI,Brejo do Piauí,EQTL_PI,SUL,FLORIANO,SAO RAIMUNDO NONATO,BREJO DO PIAUI,2201988,Brejo do Piauí - PI
PI,Campo Alegre do Fidalgo,EQTL_PI,SUL,FLORIANO,SAO RAIMUNDO NONATO,CAMPO ALEGRE DO FIDALGO,2202117,Campo Alegre do Fidalgo - PI
PI,Canto do Buriti,EQTL_PI,SUL,FLORIANO,SAO RAIMUNDO NONATO,CANTO DO BURITI,2202307,Canto do Buriti - PI
PI,Capitão Gervásio Oliveira,EQTL_PI,SUL,FLORIANO,SAO RAIMUNDO NONATO,CAPITAO GERVASIO OLIVEIRA,2202455,Capitão Gervásio Oliveira - PI
PI,Caracol,EQTL_PI,SUL,FLORIANO,SAO RAIMUNDO NONATO,CARACOL,2202505,Caracol - PI
PI,Coronel José Dias,EQTL_PI,SUL,FLORIANO,SAO RAIMUNDO NONATO,CORONEL JOSE DIAS,2202851,Coronel José Dias - PI
PI,Dirceu Arcoverde,EQTL_PI,SUL,FLORIANO,SAO RAIMUNDO NONATO,DIRCEU ARCOVERDE,2203354,Dirceu Arcoverde - PI
PI,Dom Inocêncio,EQTL_PI,SUL,FLORIANO,SAO RAIMUNDO NONATO,DOM INOCENCIO,2203453,Dom Inocêncio - PI
PI,Fartura do Piauí,EQTL_PI,SUL,FLORIANO,SAO RAIMUNDO NONATO,FARTURA DO PIAUI,2203750,Fartura do Piauí - PI
PI,Guaribas,EQTL_PI,SUL,FLORIANO,SAO RAIMUNDO NONATO,GUARIBAS,2204550,Guaribas - PI
PI,João Costa,EQTL_PI,SUL,FLORIANO,SAO RAIMUNDO NONATO,JOAO COSTA,2205359,João Costa - PI
PI,Jurema,EQTL_PI,SUL,FLORIANO,SAO RAIMUNDO NONATO,JUREMA,2205532,Jurema - PI
PI,Lagoa do Barro do Piauí,EQTL_PI,SUL,FLORIANO,SAO RAIMUNDO NONATO,LAGOA DO BARRO DO PIAUI,2205565,Lagoa do Barro do Piauí - PI
PI,Nova Santa Rita,EQTL_PI,SUL,FLORIANO,SAO RAIMUNDO NONATO,NOVA SANTA RITA,2207959,Nova Santa Rita - PI
PI,Pajeú do Piauí,EQTL_PI,SUL,FLORIANO,SAO RAIMUNDO NONATO,PAJEU DO PIAUI,2207355,Pajeú do Piauí - PI
PI,Pedro Laurentino,EQTL_PI,SUL,FLORIANO,SAO RAIMUNDO NONATO,PEDRO LAURENTINO,2207934,Pedro Laurentino - PI
PI,Queimada Nova,EQTL_PI,SUL,FLORIANO,SAO RAIMUNDO NONATO,QUEIMADA NOVA,2208650,Queimada Nova - PI
PI,São Braz do Piauí,EQTL_PI,SUL,FLORIANO,SAO RAIMUNDO NONATO,SAO BRAZ DO PIAUI,2209559,São Braz do Piauí - PI
PI,São João do Piauí,EQTL_PI,SUL,FLORIANO,SAO RAIMUNDO NONATO,SAO JOAO DO PIAUI,2210003,São João do Piauí - PI
PI,São Lourenço do Piauí,EQTL_PI,SUL,FLORIANO,SAO RAIMUNDO NONATO,SAO LOURENCO DO PIAUI,2210359,São Lourenço do Piauí - PI
PI,São Raimundo Nonato,EQTL_PI,SUL,FLORIANO,SAO RAIMUNDO NONATO,SAO RAIMUNDO NONATO,2210607,São Raimundo Nonato - PI
PI,Tamboril do Piauí,EQTL_PI,SUL,FLORIANO,SAO RAIMUNDO NONATO,TAMBORIL DO PIAUI,2210953,Tamboril do Piauí - PI
PI,Várzea Branca,EQTL_PI,SUL,FLORIANO,SAO RAIMUNDO NONATO,VARZEA BRANCA,2211357,Várzea Branca - PI
PI,Aroazes,EQTL_PI,SUL,PICOS,OEIRAS,AROAZES,2200905,Aroazes - PI
PI,Barra D'Alcântara,EQTL_PI,SUL,PICOS,OEIRAS,BARRA D'ALCANTARA,2201176,Barra D'Alcântara - PI
PI,Bela Vista do Piauí,EQTL_PI,SUL,PICOS,OEIRAS,BELA VISTA DO PIAUI,2201556,Bela Vista do Piauí - PI
PI,Cajazeiras do Piauí,EQTL_PI,SUL,PICOS,OEIRAS,CAJAZEIRAS DO PIAUI,2202075,Cajazeiras do Piauí - PI
PI,Campinas do Piauí,EQTL_PI,SUL,PICOS,OEIRAS,CAMPINAS DO PIAUI,2202109,Campinas do Piauí - PI
PI,Colônia do Piauí,EQTL_PI,SUL,PICOS,OEIRAS,COLONIA DO PIAUI,2202778,Colônia do Piauí - PI
PI,Conceição do Canindé,EQTL_PI,SUL,PICOS,OEIRAS,CONCEICAO DO CANINDE,2202802,Conceição do Canindé - PI
PI,Elesbão Veloso,EQTL_PI,SUL,PICOS,OEIRAS,ELESBAO VELOSO,2203503,Elesbão Veloso - PI
PI,Floresta do Piauí,EQTL_PI,SUL,PICOS,OEIRAS,FLORESTA DO PIAUI,2203859,Floresta do Piauí - PI
PI,Francinópolis,EQTL_PI,SUL,PICOS,OEIRAS,FRANCINOPOLIS,2204006,Francinópolis - PI
PI,Inhuma,EQTL_PI,SUL,PICOS,OEIRAS,INHUMA,2204709,Inhuma - PI
PI,Ipiranga do Piauí,EQTL_PI,SUL,PICOS,OEIRAS,IPIRANGA DO PIAUI,2204808,Ipiranga do Piauí - PI
PI,Isaías Coelho,EQTL_PI,SUL,PICOS,OEIRAS,ISAIAS COELHO,2204907,Isaías Coelho - PI
PI,Lagoa do Sítio,EQTL_PI,SUL,PICOS,OEIRAS,LAGOA DO SITIO,2205599,Lagoa do Sítio - PI
PI,Novo Oriente do Piauí,EQTL_PI,SUL,PICOS,OEIRAS,NOVO ORIENTE DO PIAUI,2206902,Novo Oriente do Piauí - PI
PI,Oeiras,EQTL_PI,SUL,PICOS,OEIRAS,OEIRAS,2207009,Oeiras - PI
PI,Paes Landim,EQTL_PI,SUL,PICOS,OEIRAS,PAES LANDIM,2207306,Paes Landim - PI
PI,Pimenteiras,EQTL_PI,SUL,PICOS,OEIRAS,PIMENTEIRAS,2208106,Pimenteiras - PI
PI,Santa Cruz dos Milagres,EQTL_PI,SUL,PICOS,OEIRAS,SANTA CRUZ DOS MILAGRES,2209153,Santa Cruz dos Milagres - PI
PI,Santa Rosa do Piauí,EQTL_PI,SUL,PICOS,OEIRAS,SANTA ROSA DO PIAUI,2209377,Santa Rosa do Piauí - PI
PI,Santo Inácio do Piauí,EQTL_PI,SUL,PICOS,OEIRAS,SANTO INACIO DO PIAUI,2209500,Santo Inácio do Piauí - PI
PI,São Félix do Piauí,EQTL_PI,SUL,PICOS,OEIRAS,SAO FELIX DO PIAUI,2209609,São Félix do Piauí - PI
PI,São Francisco de Assis do Piauí,EQTL_PI,SUL,PICOS,OEIRAS,SAO FRANCISCO DE ASSIS DO PIAUI,2209658,São Francisco de Assis do Piauí - PI
PI,São João da Varjota,EQTL_PI,SUL,PICOS,OEIRAS,SAO JOAO DA VARJOTA,2209955,São João da Varjota - PI
PI,São Miguel da Baixa Grande,EQTL_PI,SUL,PICOS,OEIRAS,SAO MIGUEL DA BAIXA GRANDE,2210383,São Miguel da Baixa Grande - PI
PI,São Miguel do Fidalgo,EQTL_PI,SUL,PICOS,OEIRAS,SAO MIGUEL DO FIDALGO,2210391,São Miguel do Fidalgo - PI
PI,Simplício Mendes,EQTL_PI,SUL,PICOS,OEIRAS,SIMPLICIO MENDES,2210805,Simplício Mendes - PI
PI,Socorro do Piauí,EQTL_PI,SUL,PICOS,OEIRAS,SOCORRO DO PIAUI,2210904,Socorro do Piauí - PI
PI,Tanque do Piauí,EQTL_PI,SUL,PICOS,OEIRAS,TANQUE DO PIAUI,2210979,Tanque do Piauí - PI
PI,Valença do Piauí,EQTL_PI,SUL,PICOS,OEIRAS,VALENCA DO PIAUI,2211308,Valença do Piauí - PI
PI,Várzea Grande,EQTL_PI,SUL,PICOS,OEIRAS,VARZEA GRANDE,2211407,Várzea Grande - PI
PI,Acauã,EQTL_PI,SUL,PICOS,PICOS,ACAUA,2200053,Acauã - PI
PI,Alagoinha do Piauí,EQTL_PI,SUL,PICOS,PICOS,ALAGOINHA DO PIAUI,2200251,Alagoinha do Piauí - PI
PI,Alegrete do Piauí,EQTL_PI,SUL,PICOS,PICOS,ALEGRETE DO PIAUI,2200277,Alegrete do Piauí - PI
PI,Aroeiras do Itaim,EQTL_PI,SUL,PICOS,PICOS,AROEIRAS DO ITAIM,2200954,Aroeiras do Itaim - PI
PI,Belém do Piauí,EQTL_PI,SUL,PICOS,PICOS,BELEM DO PIAUI,2201572,Belém do Piauí - PI
PI,Betânia do Piauí,EQTL_PI,SUL,PICOS,PICOS,BETANIA DO PIAUI,2201739,Betânia do Piauí - PI
PI,Bocaina,EQTL_PI,SUL,PICOS,PICOS,BOCAINA,2201804,Bocaina - PI
PI,Caldeirão Grande do Piauí,EQTL_PI,SUL,PICOS,PICOS,CALDEIRAO GRANDE DO PIAUI,2202091,Caldeirão Grande do Piauí - PI
PI,Campo Grande do Piauí,EQTL_PI,SUL,PICOS,PICOS,CAMPO GRANDE DO PIAUI,2202133,Campo Grande do Piauí - PI
PI,Caridade do Piauí,EQTL_PI,SUL,PICOS,PICOS,CARIDADE DO PIAUI,2202554,Caridade do Piauí - PI
PI,Curral Novo do Piauí,EQTL_PI,SUL,PICOS,PICOS,CURRAL NOVO DO PIAUI,2203271,Curral Novo do Piauí - PI
PI,Dom Expedito Lopes,EQTL_PI,SUL,PICOS,PICOS,DOM EXPEDITO LOPES,2203404,Dom Expedito Lopes - PI
PI,Francisco Macedo,EQTL_PI,SUL,PICOS,PICOS,FRANCISCO MACEDO,2204154,Francisco Macedo - PI
PI,Francisco Santos,EQTL_PI,SUL,PICOS,PICOS,FRANCISCO SANTOS,2204204,Francisco Santos - PI
PI,Fronteiras,EQTL_PI,SUL,PICOS,PICOS,FRONTEIRAS,2204303,Fronteiras - PI
PI,Geminiano,EQTL_PI,SUL,PICOS,PICOS,GEMINIANO,2204352,Geminiano - PI
PI,Itainópolis,EQTL_PI,SUL,PICOS,PICOS,ITAINOPOLIS,2205003,Itainópolis - PI
PI,Jacobina do Piauí,EQTL_PI,SUL,PICOS,PICOS,JACOBINA DO PIAUI,2205151,Jacobina do Piauí - PI
PI,Jaicós,EQTL_PI,SUL,PICOS,PICOS,JAICOS,2205201,Jaicós - PI
PI,Marcolândia,EQTL_PI,SUL,PICOS,PICOS,MARCOLANDIA,2205953,Marcolândia - PI
PI,Massapê do Piauí,EQTL_PI,SUL,PICOS,PICOS,MASSAPE DO PIAUI,2206050,Massapê do Piauí - PI
PI,Monsenhor Hipólito,EQTL_PI,SUL,PICOS,PICOS,MONSENHOR HIPOLITO,2206506,Monsenhor Hipólito - PI
PI,Padre Marcos,EQTL_PI,SUL,PICOS,PICOS,PADRE MARCOS,2207207,Padre Marcos - PI
PI,Paquetá,EQTL_PI,SUL,PICOS,PICOS,PAQUETA,2207553,Paquetá - PI
PI,Patos do Piauí,EQTL_PI,SUL,PICOS,PICOS,PATOS DO PIAUI,2207777,Patos do Piauí - PI
PI,Paulistana,EQTL_PI,SUL,PICOS,PICOS,PAULISTANA,2207801,Paulistana - PI
PI,Picos,EQTL_PI,SUL,PICOS,PICOS,PICOS,2208007,Picos - PI
PI,Pio IX,EQTL_PI,SUL,PICOS,PICOS,PIO IX,2208205,Pio IX - PI
PI,Santa Cruz do Piauí,EQTL_PI,SUL,PICOS,PICOS,SANTA CRUZ DO PIAUI,2209104,Santa Cruz do Piauí - PI
PI,Santana do Piauí,EQTL_PI,SUL,PICOS,PICOS,SANTANA DO PIAUI,2209351,Santana do Piauí - PI
PI,Santo Antônio de Lisboa,EQTL_PI,SUL,PICOS,PICOS,SANTO ANTONIO DE LISBOA,2209401,Santo Antônio de Lisboa - PI
PI,São João da Canabrava,EQTL_PI,SUL,PICOS,PICOS,SAO JOAO DA CANABRAVA,2209856,São João da Canabrava - PI
PI,São José do Piauí,EQTL_PI,SUL,PICOS,PICOS,SAO JOSE DO PIAUI,2210201,São José do Piauí - PI
PI,São Julião,EQTL_PI,SUL,PICOS,PICOS,SAO JULIAO,2210300,São Julião - PI
PI,São Luis do Piauí,EQTL_PI,SUL,PICOS,PICOS,SAO LUIS DO PIAUI,2210375,São Luis do Piauí - PI
PI,Simões,EQTL_PI,SUL,PICOS,PICOS,SIMOES,2210706,Simões - PI
PI,Sussuapara,EQTL_PI,SUL,PICOS,PICOS,SUSSUAPARA,2210938,Sussuapara - PI
PI,Vera Mendes,EQTL_PI,SUL,PICOS,PICOS,VERA MENDES,2211506,Vera Mendes - PI
PI,Vila Nova do Piauí,EQTL_PI,SUL,PICOS,PICOS,VILA NOVA DO PIAUI,2211605,Vila Nova do Piauí - PI
PI,Wall Ferraz,EQTL_PI,SUL,PICOS,PICOS,WALL FERRAZ,2211704,Wall Ferraz - PI
RS,ARROIO DOS RATOS,EQTL_RS,NORTE,NORTE,CARBONÍFERA,ARROIO DOS RATOS,4301107,Arroio dos Ratos - RS
RS,BARRA DO RIBEIRO,EQTL_RS,NORTE,NORTE,CARBONÍFERA,BARRA DO RIBEIRO,4301909,Barra do Ribeiro - RS
RS,BUTIA,EQTL_RS,NORTE,NORTE,CARBONÍFERA,BUTIA,4302709,Butiá - RS
RS,CHARQUEADAS,EQTL_RS,NORTE,NORTE,CARBONÍFERA,CHARQUEADAS,4305355,Charqueadas - RS
RS,ELDORADO DO SUL,EQTL_RS,NORTE,NORTE,CARBONÍFERA,ELDORADO DO SUL,4306767,Eldorado do Sul - RS
RS,GUAIBA,EQTL_RS,NORTE,NORTE,CARBONÍFERA,GUAIBA,4309308,Guaíba - RS
RS,MARIANA PIMENTEL,EQTL_RS,NORTE,NORTE,CARBONÍFERA,MARIANA PIMENTEL,4311981,Mariana Pimentel - RS
RS,MINAS DO LEAO,EQTL_RS,NORTE,NORTE,CARBONÍFERA,MINAS DO LEAO,4312252,Minas do Leão - RS
RS,PANTANO GRANDE,EQTL_RS,NORTE,NORTE,CARBONÍFERA,PANTANO GRANDE,4313953,Pantano Grande - RS
RS,SAO JERONIMO,EQTL_RS,NORTE,NORTE,CARBONÍFERA,SAO JERONIMO,4318408,São Jerônimo - RS
RS,ARROIO DO SAL,EQTL_RS,NORTE,NORTE,LITORAL NORTE,ARROIO DO SAL,4301057,Arroio do Sal - RS
RS,BALNEARIO PINHAL,EQTL_RS,NORTE,NORTE,LITORAL NORTE,BALNEARIO PINHAL,4301636,Balneário Pinhal - RS
RS,CAPAO DA CANOA,EQTL_RS,NORTE,NORTE,LITORAL NORTE,CAPAO DA CANOA,4304630,Capão da Canoa - RS
RS,CAPIVARI DO SUL,EQTL_RS,NORTE,NORTE,LITORAL NORTE,CAPIVARI DO SUL,4304671,Capivari do Sul - RS
RS,CARAA,EQTL_RS,NORTE,NORTE,LITORAL NORTE,CARAA,4304713,Caraá - RS
RS,CIDREIRA,EQTL_RS,NORTE,NORTE,LITORAL NORTE,CIDREIRA,4305454,Cidreira - RS
RS,DOM PEDRO DE ALCANTARA,EQTL_RS,NORTE,NORTE,LITORAL NORTE,DOM PEDRO DE ALCANTARA,4306551,Dom Pedro de Alcântara - RS
RS,IMBE,EQTL_RS,NORTE,NORTE,LITORAL NORTE,IMBE,4310330,Imbé - RS
RS,ITATI,EQTL_RS,NORTE,NORTE,LITORAL NORTE,ITATI,4310652,Itati - RS
RS,MAMPITUBA,EQTL_RS,NORTE,NORTE,LITORAL NORTE,MAMPITUBA,4311734,Mampituba - RS
RS,MAQUINE,EQTL_RS,NORTE,NORTE,LITORAL NORTE,MAQUINE,4311775,Maquiné - RS
RS,MORRINHOS DO SUL,EQTL_RS,NORTE,NORTE,LITORAL NORTE,MORRINHOS DO SUL,4312443,Morrinhos do Sul - RS
RS,MOSTARDAS,EQTL_RS,NORTE,NORTE,LITORAL NORTE,MOSTARDAS,4312500,Mostardas - RS
RS,OSORIO,EQTL_RS,NORTE,NORTE,LITORAL NORTE,OSORIO,4313508,Osório - RS
RS,PALMARES DO SUL,EQTL_RS,NORTE,NORTE,LITORAL NORTE,PALMARES DO SUL,4313656,Palmares do Sul - RS
RS,ROLANTE,EQTL_RS,NORTE,NORTE,LITORAL NORTE,ROLANTE,4316006,Rolante - RS
RS,SANTO ANTONIO DA PATRULHA,EQTL_RS,NORTE,NORTE,LITORAL NORTE,SANTO ANTONIO DA PATRULHA,4317608,Santo Antônio da Patrulha - RS
RS,TAVARES,EQTL_RS,NORTE,NORTE,LITORAL NORTE,TAVARES,4321352,Tavares - RS
RS,TERRA DE AREIA,EQTL_RS,NORTE,NORTE,LITORAL NORTE,TERRA DE AREIA,4321436,Terra de Areia - RS
RS,TORRES,EQTL_RS,NORTE,NORTE,LITORAL NORTE,TORRES,4321501,Torres - RS
RS,TRAMANDAI,EQTL_RS,NORTE,NORTE,LITORAL NORTE,TRAMANDAI,4321600,Tramandaí - RS
RS,TRES CACHOEIRAS,EQTL_RS,NORTE,NORTE,LITORAL NORTE,TRES CACHOEIRAS,4321667,Três Cachoeiras - RS
RS,TRES FORQUILHAS,EQTL_RS,NORTE,NORTE,LITORAL NORTE,TRES FORQUILHAS,4321832,Três Forquilhas - RS
RS,XANGRI-LA,EQTL_RS,NORTE,NORTE,LITORAL NORTE,XANGRI-LA,4323804,Xangri-lá - RS
RS,ALVORADA,EQTL_RS,NORTE,NORTE,METROPOLITANA,ALVORADA,4300604,Alvorada - RS
RS,PORTO ALEGRE,EQTL_RS,NORTE,NORTE,METROPOLITANA,PORTO ALEGRE,4314902,Porto Alegre - RS
RS,VIAMAO,EQTL_RS,NORTE,NORTE,METROPOLITANA,VIAMAO,4323002,Viamão - RS
RS,ACEGUA,EQTL_RS,SUL,SUL,CAMPANHA,ACEGUA,4300034,Aceguá - RS
RS,BAGE,EQTL_RS,SUL,SUL,CAMPANHA,BAGE,4301602,Bagé - RS
RS,CANDIOTA,EQTL_RS,SUL,SUL,CAMPANHA,CANDIOTA,4304358,Candiota - RS
RS,DOM PEDRITO,EQTL_RS,SUL,SUL,CAMPANHA,DOM PEDRITO,4306601,Dom Pedrito - RS
RS,HULHA NEGRA,EQTL_RS,SUL,SUL,CAMPANHA,HULHA NEGRA,4309654,Hulha Negra - RS
RS,LAVRAS DO SUL,EQTL_RS,SUL,SUL,CAMPANHA,LAVRAS DO SUL,4311502,Lavras do Sul - RS
RS,PEDRAS ALTAS,EQTL_RS,SUL,SUL,CAMPANHA,PEDRAS ALTAS,4314175,Pedras Altas - RS
RS,PINHEIRO MACHADO,EQTL_RS,SUL,SUL,CAMPANHA,PINHEIRO MACHADO,4314506,Pinheiro Machado - RS
RS,AMARAL FERRADOR,EQTL_RS,SUL,SUL,CENTRO SUL,AMARAL FERRADOR,4300638,Amaral Ferrador - RS
RS,ARAMBARE,EQTL_RS,SUL,SUL,CENTRO SUL,ARAMBARE,4300851,Arambaré - RS
RS,BARAO DO TRIUNFO,EQTL_RS,SUL,SUL,CENTRO SUL,BARAO DO TRIUNFO,4301750,Barão do Triunfo - RS
RS,CAMAQUA,EQTL_RS,SUL,SUL,CENTRO SUL,CAMAQUA,4303509,Camaquã - RS
RS,CERRO GRANDE DO SUL,EQTL_RS,SUL,SUL,CENTRO SUL,CERRO GRANDE DO SUL,4305173,Cerro Grande do Sul - RS
RS,CHUVISCA,EQTL_RS,SUL,SUL,CENTRO SUL,CHUVISCA,4305447,Chuvisca - RS
RS,CRISTAL,EQTL_RS,SUL,SUL,CENTRO SUL,CRISTAL,4306056,Cristal - RS
RS,DOM FELICIANO,EQTL_RS,SUL,SUL,CENTRO SUL,DOM FELICIANO,4306502,Dom Feliciano - RS
RS,ENCRUZILHADA DO SUL,EQTL_RS,SUL,SUL,CENTRO SUL,ENCRUZILHADA DO SUL,4306908,Encruzilhada do Sul - RS
RS,SAO LOURENCO DO SUL,EQTL_RS,SUL,SUL,CENTRO SUL,SAO LOURENCO DO SUL,4318804,São Lourenço do Sul - RS
RS,SENTINELA DO SUL,EQTL_RS,SUL,SUL,CENTRO SUL,SENTINELA DO SUL,4320354,Sentinela do Sul - RS
RS,SERTAO SANTANA,EQTL_RS,SUL,SUL,CENTRO SUL,SERTAO SANTANA,4320552,Sertão Santana - RS
RS,TAPES,EQTL_RS,SUL,SUL,CENTRO SUL,TAPES,4321105,Tapes - RS
RS,TURUCU,EQTL_RS,SUL,SUL,CENTRO SUL,TURUCU,4322327,Turuçu - RS
RS,CHUI,EQTL_RS,SUL,SUL,LITORAL SUL,CHUI,4305439,Chuí - RS
RS,RIO GRANDE,EQTL_RS,SUL,SUL,LITORAL SUL,RIO GRANDE,4315602,Rio Grande - RS
RS,SANTA VITORIA DO PALMAR,EQTL_RS,SUL,SUL,LITORAL SUL,SANTA VITORIA DO PALMAR,4317301,Santa Vitória do Palmar - RS
RS,SAO JOSE DO NORTE,EQTL_RS,SUL,SUL,LITORAL SUL,SAO JOSE DO NORTE,4318507,São José do Norte - RS
RS,ARROIO DO PADRE,EQTL_RS,SUL,SUL,SUL,ARROIO DO PADRE,4301073,Arroio do Padre - RS
RS,ARROIO GRANDE,EQTL_RS,SUL,SUL,SUL,ARROIO GRANDE,4301305,Arroio Grande - RS
RS,CANGUCU,EQTL_RS,SUL,SUL,SUL,CANGUCU,4304507,Canguçu - RS
RS,CAPAO DO LEAO,EQTL_RS,SUL,SUL,SUL,CAPAO DO LEAO,4304663,Capão do Leão - RS
RS,CERRITO,EQTL_RS,SUL,SUL,SUL,CERRITO,4305124,Cerrito - RS
RS,HERVAL,EQTL_RS,SUL,SUL,SUL,HERVAL,4307104,Herval - RS
RS,JAGUARAO,EQTL_RS,SUL,SUL,SUL,JAGUARAO,4311007,Jaguarão - RS
RS,MORRO REDONDO,EQTL_RS,SUL,SUL,SUL,MORRO REDONDO,4312450,Morro Redondo - RS
RS,PEDRO OSORIO,EQTL_RS,SUL,SUL,SUL,PEDRO OSORIO,4314209,Pedro Osório - RS
RS,PELOTAS,EQTL_RS,SUL,SUL,SUL,PELOTAS,4314407,Pelotas - RS
RS,PIRATINI,EQTL_RS,SUL,SUL,SUL,PIRATINI,4314605,Piratini - RS